stage_record_id,application_id,stage_id,stage_date,result
1,1,1,2025-10-19,Passed
2,1,2,2025-10-25,Passed
3,1,3,2025-11-04,Passed
4,1,4,2025-11-05,Rejected
5,2,1,2025-10-07,Passed
6,2,2,2025-10-12,Rejected
7,3,1,2025-08-30,Passed
8,3,2,2025-09-06,Passed
9,3,3,2025-09-15,Passed
10,3,4,2025-09-16,Rejected
11,4,1,2025-02-07,Passed
12,4,2,2025-02-17,Passed
13,4,3,2025-02-24,Rejected
14,5,1,2025-02-04,Passed
15,5,2,2025-02-13,Passed
16,5,3,2025-02-23,Passed
17,5,4,2025-02-24,Rejected
18,6,1,2025-04-21,Passed
19,6,2,2025-04-24,Passed
20,6,3,2025-04-29,Rejected
21,7,1,2025-01-31,Passed
22,7,2,2025-02-03,Rejected
23,8,1,2025-07-23,Passed
24,8,2,2025-07-30,Passed
25,8,3,2025-08-01,Passed
26,8,4,2025-08-11,Passed
27,8,5,2025-08-16,Rejected
28,9,1,2025-11-18,Passed
29,9,2,2025-11-26,Passed
30,9,3,2025-12-02,Passed
31,9,4,2025-12-04,Passed
32,9,5,2025-12-09,Rejected
33,10,1,2025-08-01,Passed
34,10,2,2025-08-07,Passed
35,10,3,2025-08-16,Passed
36,10,4,2025-08-21,Rejected
37,11,1,2025-07-25,Passed
38,11,2,2025-07-31,Passed
39,11,3,2025-08-05,Rejected
40,12,1,2025-10-02,Passed
41,12,2,2025-10-11,Passed
42,12,3,2025-10-21,Passed
43,12,4,2025-10-27,Passed
44,12,5,2025-11-02,Passed
45,12,6,2025-11-05,Rejected
46,13,1,2025-03-20,Passed
47,13,2,2025-03-23,Passed
48,13,3,2025-03-27,Passed
49,13,4,2025-03-30,Rejected
50,14,1,2025-06-08,Passed
51,14,2,2025-06-11,Rejected
52,15,1,2025-04-15,Passed
53,15,2,2025-04-17,Rejected
54,16,1,2025-03-21,Passed
55,16,2,2025-03-31,Passed
56,16,3,2025-04-03,Rejected
57,17,1,2025-07-20,Passed
58,17,2,2025-07-22,Rejected
59,18,1,2025-11-29,Passed
60,18,2,2025-12-03,Passed
61,18,3,2025-12-10,Rejected
62,19,1,2025-02-03,Passed
63,19,2,2025-02-10,Rejected
64,20,1,2025-08-12,Passed
65,20,2,2025-08-21,Passed
66,20,3,2025-08-23,Rejected
67,21,1,2025-05-03,Passed
68,21,2,2025-05-10,Passed
69,21,3,2025-05-16,Passed
70,21,4,2025-05-17,Rejected
71,22,1,2025-02-14,Passed
72,22,2,2025-02-23,Passed
73,22,3,2025-03-01,Passed
74,22,4,2025-03-11,Passed
75,22,5,2025-03-19,Passed
76,22,6,2025-03-21,Rejected
77,23,1,2025-03-01,Passed
78,23,2,2025-03-09,Passed
79,23,3,2025-03-18,Passed
80,23,4,2025-03-25,Passed
81,23,5,2025-03-31,Rejected
82,24,1,2025-11-08,Passed
83,24,2,2025-11-09,Rejected
84,25,1,2025-12-08,Passed
85,25,2,2025-12-14,Rejected
86,26,1,2025-03-31,Passed
87,26,2,2025-04-08,Passed
88,26,3,2025-04-14,Passed
89,26,4,2025-04-20,Passed
90,26,5,2025-04-23,Rejected
91,27,1,2025-12-29,Passed
92,27,2,2026-01-06,Passed
93,27,3,2026-01-11,Passed
94,27,4,2026-01-16,Rejected
95,28,1,2025-01-06,Passed
96,28,2,2025-01-16,Passed
97,28,3,2025-01-20,Passed
98,28,4,2025-01-22,Passed
99,28,5,2025-01-29,Rejected
100,29,1,2025-06-27,Passed
101,29,2,2025-07-05,Passed
102,29,3,2025-07-08,Passed
103,29,4,2025-07-11,Rejected
104,30,1,2025-05-13,Passed
105,30,2,2025-05-19,Passed
106,30,3,2025-05-21,Passed
107,30,4,2025-05-24,Passed
108,30,5,2025-05-29,Passed
109,30,6,2025-06-04,Rejected
110,31,1,2025-03-06,Passed
111,31,2,2025-03-09,Passed
112,31,3,2025-03-13,Passed
113,31,4,2025-03-17,Passed
114,31,5,2025-03-23,Rejected
115,32,1,2025-05-18,Passed
116,32,2,2025-05-24,Passed
117,32,3,2025-05-27,Passed
118,32,4,2025-05-30,Rejected
119,33,1,2025-03-02,Passed
120,33,2,2025-03-09,Passed
121,33,3,2025-03-12,Passed
122,33,4,2025-03-14,Passed
123,33,5,2025-03-17,Rejected
124,34,1,2025-01-16,Passed
125,34,2,2025-01-19,Rejected
126,35,1,2025-08-08,Passed
127,35,2,2025-08-11,Rejected
128,36,1,2025-02-02,Passed
129,36,2,2025-02-05,Passed
130,36,3,2025-02-10,Passed
131,36,4,2025-02-12,Rejected
132,37,1,2025-10-23,Passed
133,37,2,2025-10-26,Passed
134,37,3,2025-11-03,Passed
135,37,4,2025-11-06,Passed
136,37,5,2025-11-12,Rejected
137,38,1,2025-09-12,Passed
138,38,2,2025-09-14,Passed
139,38,3,2025-09-20,Passed
140,38,4,2025-09-21,Rejected
141,39,1,2025-07-04,Passed
142,39,2,2025-07-06,Rejected
143,40,1,2025-10-18,Passed
144,40,2,2025-10-20,Passed
145,40,3,2025-10-26,Rejected
146,41,1,2025-02-22,Passed
147,41,2,2025-02-26,Passed
148,41,3,2025-03-02,Rejected
149,42,1,2025-12-12,Passed
150,42,2,2025-12-22,Passed
151,42,3,2025-12-29,Rejected
152,43,1,2025-04-27,Passed
153,43,2,2025-05-05,Passed
154,43,3,2025-05-08,Passed
155,43,4,2025-05-09,Rejected
156,44,1,2025-01-02,Passed
157,44,2,2025-01-11,Passed
158,44,3,2025-01-21,Passed
159,44,4,2025-01-24,Rejected
160,45,1,2025-01-07,Passed
161,45,2,2025-01-13,Passed
162,45,3,2025-01-16,Passed
163,45,4,2025-01-23,Passed
164,45,5,2025-02-01,Passed
165,45,6,2025-02-04,Rejected
166,46,1,2025-08-30,Passed
167,46,2,2025-09-03,Passed
168,46,3,2025-09-11,Passed
169,46,4,2025-09-14,Rejected
170,47,1,2025-03-18,Passed
171,47,2,2025-03-21,Passed
172,47,3,2025-03-24,Rejected
173,48,1,2025-01-19,Passed
174,48,2,2025-01-28,Passed
175,48,3,2025-01-30,Rejected
176,49,1,2025-12-02,Passed
177,49,2,2025-12-04,Passed
178,49,3,2025-12-09,Rejected
179,50,1,2025-06-14,Passed
180,50,2,2025-06-22,Passed
181,50,3,2025-07-02,Passed
182,50,4,2025-07-06,Rejected
183,51,1,2025-06-13,Passed
184,51,2,2025-06-22,Passed
185,51,3,2025-06-23,Rejected
186,52,1,2025-02-09,Passed
187,52,2,2025-02-11,Passed
188,52,3,2025-02-13,Passed
189,52,4,2025-02-18,Passed
190,52,5,2025-02-24,Rejected
191,53,1,2025-03-03,Passed
192,53,2,2025-03-13,Passed
193,53,3,2025-03-18,Passed
194,53,4,2025-03-19,Rejected
195,54,1,2025-01-27,Passed
196,54,2,2025-02-05,Passed
197,54,3,2025-02-09,Rejected
198,55,1,2025-09-22,Passed
199,55,2,2025-09-27,Rejected
200,56,1,2025-02-05,Passed
201,56,2,2025-02-09,Passed
202,56,3,2025-02-11,Passed
203,56,4,2025-02-18,Rejected
204,57,1,2025-05-25,Passed
205,57,2,2025-05-29,Rejected
206,58,1,2025-06-09,Passed
207,58,2,2025-06-12,Passed
208,58,3,2025-06-13,Rejected
209,59,1,2025-10-11,Passed
210,59,2,2025-10-16,Passed
211,59,3,2025-10-21,Passed
212,59,4,2025-10-29,Passed
213,59,5,2025-11-08,Passed
214,59,6,2025-11-13,Selected
215,60,1,2025-07-08,Passed
216,60,2,2025-07-12,Passed
217,60,3,2025-07-15,Passed
218,60,4,2025-07-23,Passed
219,60,5,2025-07-30,Passed
220,60,6,2025-08-03,Rejected
221,61,1,2025-10-16,Passed
222,61,2,2025-10-18,Passed
223,61,3,2025-10-26,Passed
224,61,4,2025-10-27,Rejected
225,62,1,2025-11-15,Passed
226,62,2,2025-11-16,Rejected
227,63,1,2025-07-08,Passed
228,63,2,2025-07-12,Passed
229,63,3,2025-07-18,Rejected
230,64,1,2025-04-11,Passed
231,64,2,2025-04-17,Passed
232,64,3,2025-04-26,Passed
233,64,4,2025-04-28,Rejected
234,65,1,2025-10-07,Passed
235,65,2,2025-10-13,Passed
236,65,3,2025-10-21,Passed
237,65,4,2025-10-25,Passed
238,65,5,2025-10-26,Rejected
239,66,1,2025-05-06,Passed
240,66,2,2025-05-15,Passed
241,66,3,2025-05-18,Passed
242,66,4,2025-05-25,Rejected
243,67,1,2025-07-29,Passed
244,67,2,2025-08-06,Passed
245,67,3,2025-08-11,Passed
246,67,4,2025-08-21,Passed
247,67,5,2025-08-26,Rejected
248,68,1,2025-10-05,Passed
249,68,2,2025-10-15,Passed
250,68,3,2025-10-24,Passed
251,68,4,2025-10-30,Rejected
252,69,1,2025-12-22,Passed
253,69,2,2025-12-24,Passed
254,69,3,2025-12-28,Passed
255,69,4,2026-01-01,Rejected
256,70,1,2025-06-21,Passed
257,70,2,2025-06-25,Passed
258,70,3,2025-06-26,Rejected
259,71,1,2025-12-03,Passed
260,71,2,2025-12-10,Passed
261,71,3,2025-12-18,Passed
262,71,4,2025-12-27,Passed
263,71,5,2025-12-29,Passed
264,71,6,2025-12-31,Rejected
265,72,1,2025-06-07,Passed
266,72,2,2025-06-09,Passed
267,72,3,2025-06-12,Passed
268,72,4,2025-06-17,Passed
269,72,5,2025-06-22,Rejected
270,73,1,2025-09-29,Passed
271,73,2,2025-10-07,Passed
272,73,3,2025-10-14,Passed
273,73,4,2025-10-17,Passed
274,73,5,2025-10-20,Passed
275,73,6,2025-10-28,Selected
276,74,1,2025-09-09,Passed
277,74,2,2025-09-13,Rejected
278,75,1,2025-03-14,Passed
279,75,2,2025-03-15,Rejected
280,76,1,2025-02-17,Passed
281,76,2,2025-02-26,Passed
282,76,3,2025-03-06,Passed
283,76,4,2025-03-15,Passed
284,76,5,2025-03-22,Passed
285,76,6,2025-03-27,Selected
286,77,1,2025-04-29,Passed
287,77,2,2025-05-05,Passed
288,77,3,2025-05-09,Passed
289,77,4,2025-05-11,Passed
290,77,5,2025-05-14,Passed
291,77,6,2025-05-18,Rejected
292,78,1,2025-09-24,Passed
293,78,2,2025-10-01,Passed
294,78,3,2025-10-07,Passed
295,78,4,2025-10-14,Rejected
296,79,1,2025-07-10,Passed
297,79,2,2025-07-15,Rejected
298,80,1,2025-02-13,Passed
299,80,2,2025-02-18,Rejected
300,81,1,2025-09-16,Passed
301,81,2,2025-09-23,Rejected
302,82,1,2025-07-21,Passed
303,82,2,2025-07-29,Passed
304,82,3,2025-08-02,Rejected
305,83,1,2025-10-18,Passed
306,83,2,2025-10-20,Rejected
307,84,1,2025-12-06,Passed
308,84,2,2025-12-15,Passed
309,84,3,2025-12-23,Passed
310,84,4,2025-12-25,Rejected
311,85,1,2025-05-02,Passed
312,85,2,2025-05-10,Passed
313,85,3,2025-05-14,Passed
314,85,4,2025-05-15,Rejected
315,86,1,2025-06-11,Passed
316,86,2,2025-06-13,Passed
317,86,3,2025-06-22,Passed
318,86,4,2025-06-27,Rejected
319,87,1,2025-07-21,Passed
320,87,2,2025-07-31,Passed
321,87,3,2025-08-03,Passed
322,87,4,2025-08-08,Passed
323,87,5,2025-08-10,Passed
324,87,6,2025-08-14,Rejected
325,88,1,2025-06-17,Passed
326,88,2,2025-06-19,Rejected
327,89,1,2025-05-20,Passed
328,89,2,2025-05-25,Passed
329,89,3,2025-05-26,Rejected
330,90,1,2025-04-14,Passed
331,90,2,2025-04-20,Passed
332,90,3,2025-04-29,Passed
333,90,4,2025-05-05,Rejected
334,91,1,2025-10-27,Passed
335,91,2,2025-11-05,Passed
336,91,3,2025-11-09,Passed
337,91,4,2025-11-13,Rejected
338,92,1,2025-02-24,Passed
339,92,2,2025-03-03,Passed
340,92,3,2025-03-09,Rejected
341,93,1,2025-08-27,Passed
342,93,2,2025-08-30,Passed
343,93,3,2025-09-06,Passed
344,93,4,2025-09-09,Rejected
345,94,1,2025-03-03,Passed
346,94,2,2025-03-09,Passed
347,94,3,2025-03-14,Rejected
348,95,1,2025-04-17,Passed
349,95,2,2025-04-22,Passed
350,95,3,2025-04-23,Rejected
351,96,1,2025-08-26,Passed
352,96,2,2025-09-02,Passed
353,96,3,2025-09-03,Rejected
354,97,1,2025-03-03,Passed
355,97,2,2025-03-10,Passed
356,97,3,2025-03-11,Rejected
357,98,1,2025-12-18,Passed
358,98,2,2025-12-27,Passed
359,98,3,2026-01-03,Passed
360,98,4,2026-01-13,Passed
361,98,5,2026-01-18,Rejected
362,99,1,2025-12-27,Passed
363,99,2,2026-01-01,Passed
364,99,3,2026-01-08,Passed
365,99,4,2026-01-11,Passed
366,99,5,2026-01-17,Rejected
367,100,1,2025-01-21,Passed
368,100,2,2025-01-26,Rejected
369,101,1,2025-06-17,Passed
370,101,2,2025-06-23,Rejected
371,102,1,2025-12-31,Passed
372,102,2,2026-01-05,Passed
373,102,3,2026-01-11,Passed
374,102,4,2026-01-15,Rejected
375,103,1,2025-07-22,Passed
376,103,2,2025-07-25,Passed
377,103,3,2025-08-03,Passed
378,103,4,2025-08-08,Rejected
379,104,1,2025-12-13,Passed
380,104,2,2025-12-17,Rejected
381,105,1,2025-03-31,Passed
382,105,2,2025-04-10,Passed
383,105,3,2025-04-14,Rejected
384,106,1,2025-08-20,Passed
385,106,2,2025-08-23,Passed
386,106,3,2025-09-01,Passed
387,106,4,2025-09-09,Passed
388,106,5,2025-09-12,Rejected
389,107,1,2025-10-09,Passed
390,107,2,2025-10-10,Rejected
391,108,1,2025-08-25,Passed
392,108,2,2025-08-31,Passed
393,108,3,2025-09-04,Passed
394,108,4,2025-09-11,Rejected
395,109,1,2025-03-13,Passed
396,109,2,2025-03-15,Passed
397,109,3,2025-03-25,Passed
398,109,4,2025-03-29,Rejected
399,110,1,2025-02-01,Passed
400,110,2,2025-02-10,Passed
401,110,3,2025-02-11,Rejected
402,111,1,2025-04-24,Passed
403,111,2,2025-04-27,Passed
404,111,3,2025-05-02,Passed
405,111,4,2025-05-07,Rejected
406,112,1,2025-07-25,Passed
407,112,2,2025-08-02,Passed
408,112,3,2025-08-09,Passed
409,112,4,2025-08-15,Rejected
410,113,1,2025-11-19,Passed
411,113,2,2025-11-29,Passed
412,113,3,2025-12-05,Passed
413,113,4,2025-12-12,Rejected
414,114,1,2025-02-13,Passed
415,114,2,2025-02-19,Passed
416,114,3,2025-02-26,Passed
417,114,4,2025-03-05,Rejected
418,115,1,2025-05-13,Passed
419,115,2,2025-05-15,Rejected
420,116,1,2025-02-08,Passed
421,116,2,2025-02-17,Passed
422,116,3,2025-02-22,Rejected
423,117,1,2025-04-12,Passed
424,117,2,2025-04-18,Rejected
425,118,1,2025-08-16,Passed
426,118,2,2025-08-20,Passed
427,118,3,2025-08-27,Rejected
428,119,1,2025-02-17,Passed
429,119,2,2025-02-21,Passed
430,119,3,2025-02-24,Passed
431,119,4,2025-03-03,Passed
432,119,5,2025-03-07,Rejected
433,120,1,2025-06-19,Passed
434,120,2,2025-06-23,Passed
435,120,3,2025-06-25,Passed
436,120,4,2025-06-28,Rejected
437,121,1,2025-08-25,Passed
438,121,2,2025-09-03,Passed
439,121,3,2025-09-07,Passed
440,121,4,2025-09-08,Rejected
441,122,1,2025-10-21,Passed
442,122,2,2025-10-25,Rejected
443,123,1,2025-07-22,Passed
444,123,2,2025-07-29,Rejected
445,124,1,2025-07-15,Passed
446,124,2,2025-07-24,Passed
447,124,3,2025-07-26,Rejected
448,125,1,2025-03-30,Passed
449,125,2,2025-04-09,Passed
450,125,3,2025-04-12,Rejected
451,126,1,2025-04-06,Passed
452,126,2,2025-04-12,Passed
453,126,3,2025-04-18,Passed
454,126,4,2025-04-25,Rejected
455,127,1,2025-08-17,Passed
456,127,2,2025-08-22,Rejected
457,128,1,2025-01-18,Passed
458,128,2,2025-01-27,Passed
459,128,3,2025-01-30,Passed
460,128,4,2025-01-31,Rejected
461,129,1,2025-11-12,Passed
462,129,2,2025-11-22,Passed
463,129,3,2025-11-24,Passed
464,129,4,2025-11-29,Passed
465,129,5,2025-11-30,Rejected
466,130,1,2025-06-01,Passed
467,130,2,2025-06-06,Passed
468,130,3,2025-06-11,Passed
469,130,4,2025-06-18,Rejected
470,131,1,2025-10-09,Passed
471,131,2,2025-10-11,Passed
472,131,3,2025-10-20,Passed
473,131,4,2025-10-21,Rejected
474,132,1,2025-02-14,Passed
475,132,2,2025-02-18,Rejected
476,133,1,2025-03-12,Passed
477,133,2,2025-03-19,Passed
478,133,3,2025-03-29,Passed
479,133,4,2025-04-04,Rejected
480,134,1,2025-11-26,Passed
481,134,2,2025-11-30,Passed
482,134,3,2025-12-04,Rejected
483,135,1,2025-09-27,Passed
484,135,2,2025-10-04,Passed
485,135,3,2025-10-11,Passed
486,135,4,2025-10-20,Passed
487,135,5,2025-10-21,Rejected
488,136,1,2025-10-06,Passed
489,136,2,2025-10-15,Passed
490,136,3,2025-10-19,Rejected
491,137,1,2025-07-15,Passed
492,137,2,2025-07-18,Rejected
493,138,1,2025-07-03,Passed
494,138,2,2025-07-11,Passed
495,138,3,2025-07-15,Rejected
496,139,1,2025-09-06,Passed
497,139,2,2025-09-09,Passed
498,139,3,2025-09-15,Passed
499,139,4,2025-09-25,Passed
500,139,5,2025-09-26,Rejected
501,140,1,2025-10-17,Passed
502,140,2,2025-10-22,Rejected
503,141,1,2025-07-18,Passed
504,141,2,2025-07-21,Passed
505,141,3,2025-07-27,Passed
506,141,4,2025-08-06,Passed
507,141,5,2025-08-11,Rejected
508,142,1,2025-01-14,Passed
509,142,2,2025-01-18,Passed
510,142,3,2025-01-26,Passed
511,142,4,2025-02-04,Passed
512,142,5,2025-02-10,Passed
513,142,6,2025-02-13,Rejected
514,143,1,2025-04-23,Passed
515,143,2,2025-05-02,Passed
516,143,3,2025-05-04,Passed
517,143,4,2025-05-10,Passed
518,143,5,2025-05-17,Rejected
519,144,1,2025-05-24,Passed
520,144,2,2025-05-27,Passed
521,144,3,2025-05-30,Rejected
522,145,1,2025-08-30,Passed
523,145,2,2025-09-08,Passed
524,145,3,2025-09-14,Rejected
525,146,1,2025-10-27,Passed
526,146,2,2025-10-30,Passed
527,146,3,2025-11-03,Rejected
528,147,1,2025-02-21,Passed
529,147,2,2025-02-22,Rejected
530,148,1,2025-05-04,Passed
531,148,2,2025-05-11,Passed
532,148,3,2025-05-19,Passed
533,148,4,2025-05-25,Rejected
534,149,1,2025-01-29,Passed
535,149,2,2025-02-01,Passed
536,149,3,2025-02-03,Passed
537,149,4,2025-02-05,Rejected
538,150,1,2025-10-22,Passed
539,150,2,2025-10-26,Passed
540,150,3,2025-10-30,Passed
541,150,4,2025-11-01,Passed
542,150,5,2025-11-09,Passed
543,150,6,2025-11-12,Rejected
544,151,1,2025-07-18,Passed
545,151,2,2025-07-24,Passed
546,151,3,2025-07-27,Passed
547,151,4,2025-08-03,Rejected
548,152,1,2025-03-30,Passed
549,152,2,2025-04-02,Passed
550,152,3,2025-04-06,Passed
551,152,4,2025-04-13,Rejected
552,153,1,2025-10-31,Passed
553,153,2,2025-11-06,Passed
554,153,3,2025-11-13,Passed
555,153,4,2025-11-20,Passed
556,153,5,2025-11-21,Rejected
557,154,1,2025-12-24,Passed
558,154,2,2025-12-30,Passed
559,154,3,2026-01-08,Passed
560,154,4,2026-01-12,Passed
561,154,5,2026-01-16,Passed
562,154,6,2026-01-23,Rejected
563,155,1,2025-10-30,Passed
564,155,2,2025-11-09,Passed
565,155,3,2025-11-19,Passed
566,155,4,2025-11-25,Rejected
567,156,1,2025-12-25,Passed
568,156,2,2025-12-28,Passed
569,156,3,2025-12-31,Passed
570,156,4,2026-01-04,Passed
571,156,5,2026-01-08,Rejected
572,157,1,2025-10-16,Passed
573,157,2,2025-10-23,Passed
574,157,3,2025-11-01,Passed
575,157,4,2025-11-06,Rejected
576,158,1,2025-04-07,Passed
577,158,2,2025-04-14,Passed
578,158,3,2025-04-20,Passed
579,158,4,2025-04-23,Passed
580,158,5,2025-04-27,Passed
581,158,6,2025-04-30,Rejected
582,159,1,2025-09-10,Passed
583,159,2,2025-09-14,Passed
584,159,3,2025-09-18,Rejected
585,160,1,2025-03-31,Passed
586,160,2,2025-04-03,Passed
587,160,3,2025-04-12,Passed
588,160,4,2025-04-13,Rejected
589,161,1,2025-02-16,Passed
590,161,2,2025-02-18,Passed
591,161,3,2025-02-23,Rejected
592,162,1,2025-11-05,Passed
593,162,2,2025-11-14,Passed
594,162,3,2025-11-20,Passed
595,162,4,2025-11-26,Passed
596,162,5,2025-12-03,Rejected
597,163,1,2025-09-27,Passed
598,163,2,2025-09-30,Passed
599,163,3,2025-10-02,Rejected
600,164,1,2025-06-19,Passed
601,164,2,2025-06-24,Passed
602,164,3,2025-07-01,Passed
603,164,4,2025-07-05,Passed
604,164,5,2025-07-08,Rejected
605,165,1,2025-04-14,Passed
606,165,2,2025-04-17,Rejected
607,166,1,2025-06-24,Passed
608,166,2,2025-07-04,Passed
609,166,3,2025-07-09,Rejected
610,167,1,2025-06-15,Passed
611,167,2,2025-06-18,Passed
612,167,3,2025-06-20,Passed
613,167,4,2025-06-26,Rejected
614,168,1,2025-03-17,Passed
615,168,2,2025-03-23,Passed
616,168,3,2025-04-02,Passed
617,168,4,2025-04-05,Passed
618,168,5,2025-04-10,Rejected
619,169,1,2025-03-14,Passed
620,169,2,2025-03-18,Rejected
621,170,1,2025-09-27,Passed
622,170,2,2025-10-01,Passed
623,170,3,2025-10-04,Passed
624,170,4,2025-10-11,Passed
625,170,5,2025-10-15,Rejected
626,171,1,2025-02-07,Passed
627,171,2,2025-02-12,Passed
628,171,3,2025-02-19,Passed
629,171,4,2025-02-22,Passed
630,171,5,2025-02-26,Rejected
631,172,1,2025-12-06,Passed
632,172,2,2025-12-12,Passed
633,172,3,2025-12-14,Passed
634,172,4,2025-12-23,Passed
635,172,5,2025-12-29,Passed
636,172,6,2026-01-04,Rejected
637,173,1,2025-02-21,Passed
638,173,2,2025-03-02,Passed
639,173,3,2025-03-10,Passed
640,173,4,2025-03-18,Passed
641,173,5,2025-03-21,Passed
642,173,6,2025-03-28,Rejected
643,174,1,2025-06-15,Passed
644,174,2,2025-06-22,Passed
645,174,3,2025-07-01,Passed
646,174,4,2025-07-05,Rejected
647,175,1,2025-08-12,Passed
648,175,2,2025-08-15,Passed
649,175,3,2025-08-23,Passed
650,175,4,2025-08-26,Passed
651,175,5,2025-08-28,Rejected
652,176,1,2025-09-07,Passed
653,176,2,2025-09-12,Passed
654,176,3,2025-09-20,Passed
655,176,4,2025-09-28,Passed
656,176,5,2025-10-01,Rejected
657,177,1,2025-03-31,Passed
658,177,2,2025-04-06,Passed
659,177,3,2025-04-13,Rejected
660,178,1,2025-12-22,Passed
661,178,2,2025-12-30,Passed
662,178,3,2026-01-07,Passed
663,178,4,2026-01-12,Rejected
664,179,1,2025-11-11,Passed
665,179,2,2025-11-20,Passed
666,179,3,2025-11-26,Passed
667,179,4,2025-11-28,Rejected
668,180,1,2025-04-25,Passed
669,180,2,2025-04-29,Passed
670,180,3,2025-05-01,Passed
671,180,4,2025-05-05,Rejected
672,181,1,2025-03-31,Passed
673,181,2,2025-04-04,Passed
674,181,3,2025-04-11,Passed
675,181,4,2025-04-14,Passed
676,181,5,2025-04-20,Rejected
677,182,1,2025-12-19,Passed
678,182,2,2025-12-28,Passed
679,182,3,2025-12-30,Rejected
680,183,1,2025-04-01,Passed
681,183,2,2025-04-10,Passed
682,183,3,2025-04-16,Passed
683,183,4,2025-04-23,Rejected
684,184,1,2025-12-26,Passed
685,184,2,2025-12-31,Rejected
686,185,1,2025-07-20,Passed
687,185,2,2025-07-22,Passed
688,185,3,2025-07-23,Rejected
689,186,1,2025-10-18,Passed
690,186,2,2025-10-25,Passed
691,186,3,2025-10-29,Rejected
692,187,1,2025-11-05,Passed
693,187,2,2025-11-07,Passed
694,187,3,2025-11-13,Passed
695,187,4,2025-11-15,Rejected
696,188,1,2025-11-10,Passed
697,188,2,2025-11-14,Passed
698,188,3,2025-11-22,Passed
699,188,4,2025-11-23,Rejected
700,189,1,2025-10-17,Passed
701,189,2,2025-10-26,Passed
702,189,3,2025-11-01,Rejected
703,190,1,2025-09-12,Passed
704,190,2,2025-09-21,Passed
705,190,3,2025-09-25,Passed
706,190,4,2025-09-29,Rejected
707,191,1,2025-02-09,Passed
708,191,2,2025-02-17,Passed
709,191,3,2025-02-24,Passed
710,191,4,2025-02-27,Rejected
711,192,1,2025-06-13,Passed
712,192,2,2025-06-15,Passed
713,192,3,2025-06-19,Passed
714,192,4,2025-06-22,Rejected
715,193,1,2025-02-15,Passed
716,193,2,2025-02-20,Rejected
717,194,1,2025-12-10,Passed
718,194,2,2025-12-17,Passed
719,194,3,2025-12-25,Passed
720,194,4,2026-01-01,Passed
721,194,5,2026-01-02,Rejected
722,195,1,2025-06-21,Passed
723,195,2,2025-06-26,Passed
724,195,3,2025-07-02,Passed
725,195,4,2025-07-08,Rejected
726,196,1,2025-05-16,Passed
727,196,2,2025-05-22,Passed
728,196,3,2025-05-26,Passed
729,196,4,2025-06-02,Passed
730,196,5,2025-06-10,Passed
731,196,6,2025-06-14,Rejected
732,197,1,2025-12-21,Passed
733,197,2,2025-12-30,Passed
734,197,3,2026-01-06,Passed
735,197,4,2026-01-14,Passed
736,197,5,2026-01-17,Passed
737,197,6,2026-01-18,Rejected
738,198,1,2025-05-12,Passed
739,198,2,2025-05-17,Passed
740,198,3,2025-05-27,Passed
741,198,4,2025-06-02,Rejected
742,199,1,2025-01-01,Passed
743,199,2,2025-01-07,Passed
744,199,3,2025-01-15,Passed
745,199,4,2025-01-18,Passed
746,199,5,2025-01-23,Rejected
747,200,1,2025-08-13,Passed
748,200,2,2025-08-19,Passed
749,200,3,2025-08-27,Passed
750,200,4,2025-09-01,Rejected
751,201,1,2025-03-27,Passed
752,201,2,2025-03-30,Passed
753,201,3,2025-04-04,Rejected
754,202,1,2025-09-10,Passed
755,202,2,2025-09-17,Passed
756,202,3,2025-09-27,Passed
757,202,4,2025-10-02,Passed
758,202,5,2025-10-05,Passed
759,202,6,2025-10-08,Rejected
760,203,1,2025-06-29,Passed
761,203,2,2025-07-05,Passed
762,203,3,2025-07-15,Passed
763,203,4,2025-07-23,Passed
764,203,5,2025-07-28,Rejected
765,204,1,2025-02-21,Passed
766,204,2,2025-03-03,Passed
767,204,3,2025-03-05,Passed
768,204,4,2025-03-10,Rejected
769,205,1,2025-10-23,Passed
770,205,2,2025-10-28,Rejected
771,206,1,2025-12-18,Passed
772,206,2,2025-12-27,Passed
773,206,3,2026-01-06,Passed
774,206,4,2026-01-13,Rejected
775,207,1,2025-08-20,Passed
776,207,2,2025-08-28,Passed
777,207,3,2025-09-03,Rejected
778,208,1,2025-01-18,Passed
779,208,2,2025-01-28,Passed
780,208,3,2025-02-06,Passed
781,208,4,2025-02-10,Passed
782,208,5,2025-02-17,Rejected
783,209,1,2025-06-13,Passed
784,209,2,2025-06-21,Passed
785,209,3,2025-06-24,Passed
786,209,4,2025-07-01,Rejected
787,210,1,2025-02-07,Passed
788,210,2,2025-02-13,Passed
789,210,3,2025-02-16,Rejected
790,211,1,2025-07-12,Passed
791,211,2,2025-07-17,Passed
792,211,3,2025-07-20,Passed
793,211,4,2025-07-22,Passed
794,211,5,2025-07-28,Passed
795,211,6,2025-08-02,Rejected
796,212,1,2025-02-08,Passed
797,212,2,2025-02-12,Rejected
798,213,1,2025-02-17,Passed
799,213,2,2025-02-19,Passed
800,213,3,2025-02-25,Passed
801,213,4,2025-03-03,Passed
802,213,5,2025-03-06,Rejected
803,214,1,2025-11-11,Passed
804,214,2,2025-11-15,Passed
805,214,3,2025-11-16,Rejected
806,215,1,2025-12-27,Passed
807,215,2,2025-12-31,Rejected
808,216,1,2025-12-01,Passed
809,216,2,2025-12-02,Rejected
810,217,1,2025-08-11,Passed
811,217,2,2025-08-12,Rejected
812,218,1,2025-02-21,Passed
813,218,2,2025-02-27,Passed
814,218,3,2025-03-03,Rejected
815,219,1,2025-04-08,Passed
816,219,2,2025-04-14,Rejected
817,220,1,2025-10-11,Passed
818,220,2,2025-10-14,Passed
819,220,3,2025-10-18,Passed
820,220,4,2025-10-28,Passed
821,220,5,2025-11-02,Rejected
822,221,1,2025-10-04,Passed
823,221,2,2025-10-14,Passed
824,221,3,2025-10-17,Passed
825,221,4,2025-10-20,Passed
826,221,5,2025-10-23,Rejected
827,222,1,2025-05-25,Passed
828,222,2,2025-06-02,Passed
829,222,3,2025-06-08,Rejected
830,223,1,2025-02-19,Passed
831,223,2,2025-02-27,Passed
832,223,3,2025-03-02,Passed
833,223,4,2025-03-08,Passed
834,223,5,2025-03-11,Rejected
835,224,1,2025-10-20,Passed
836,224,2,2025-10-21,Rejected
837,225,1,2025-09-09,Passed
838,225,2,2025-09-16,Passed
839,225,3,2025-09-17,Rejected
840,226,1,2025-07-04,Passed
841,226,2,2025-07-12,Passed
842,226,3,2025-07-17,Passed
843,226,4,2025-07-24,Rejected
844,227,1,2025-02-14,Passed
845,227,2,2025-02-17,Rejected
846,228,1,2025-12-05,Passed
847,228,2,2025-12-12,Passed
848,228,3,2025-12-13,Rejected
849,229,1,2025-09-03,Passed
850,229,2,2025-09-05,Passed
851,229,3,2025-09-11,Rejected
852,230,1,2025-01-14,Passed
853,230,2,2025-01-15,Rejected
854,231,1,2025-11-23,Passed
855,231,2,2025-11-28,Passed
856,231,3,2025-12-06,Passed
857,231,4,2025-12-13,Passed
858,231,5,2025-12-19,Rejected
859,232,1,2025-08-31,Passed
860,232,2,2025-09-05,Passed
861,232,3,2025-09-09,Rejected
862,233,1,2025-06-07,Passed
863,233,2,2025-06-15,Passed
864,233,3,2025-06-18,Rejected
865,234,1,2025-08-30,Passed
866,234,2,2025-09-04,Passed
867,234,3,2025-09-08,Passed
868,234,4,2025-09-14,Rejected
869,235,1,2025-12-05,Passed
870,235,2,2025-12-13,Passed
871,235,3,2025-12-16,Rejected
872,236,1,2025-11-25,Passed
873,236,2,2025-12-02,Rejected
874,237,1,2025-04-05,Passed
875,237,2,2025-04-14,Passed
876,237,3,2025-04-22,Passed
877,237,4,2025-04-25,Rejected
878,238,1,2025-07-15,Passed
879,238,2,2025-07-18,Passed
880,238,3,2025-07-24,Rejected
881,239,1,2025-08-17,Passed
882,239,2,2025-08-20,Passed
883,239,3,2025-08-30,Passed
884,239,4,2025-09-03,Rejected
885,240,1,2025-08-14,Passed
886,240,2,2025-08-16,Passed
887,240,3,2025-08-18,Rejected
888,241,1,2025-04-26,Passed
889,241,2,2025-04-30,Passed
890,241,3,2025-05-05,Passed
891,241,4,2025-05-08,Rejected
892,242,1,2025-10-16,Passed
893,242,2,2025-10-19,Passed
894,242,3,2025-10-29,Passed
895,242,4,2025-11-05,Rejected
896,243,1,2025-12-23,Passed
897,243,2,2025-12-30,Rejected
898,244,1,2025-02-13,Passed
899,244,2,2025-02-21,Passed
900,244,3,2025-02-24,Rejected
901,245,1,2025-10-05,Passed
902,245,2,2025-10-09,Passed
903,245,3,2025-10-16,Passed
904,245,4,2025-10-18,Rejected
905,246,1,2025-10-29,Passed
906,246,2,2025-11-05,Passed
907,246,3,2025-11-13,Passed
908,246,4,2025-11-18,Rejected
909,247,1,2025-02-01,Passed
910,247,2,2025-02-03,Passed
911,247,3,2025-02-09,Rejected
912,248,1,2025-09-25,Passed
913,248,2,2025-09-30,Passed
914,248,3,2025-10-04,Rejected
915,249,1,2025-12-18,Passed
916,249,2,2025-12-22,Passed
917,249,3,2025-12-30,Passed
918,249,4,2026-01-01,Rejected
919,250,1,2025-09-01,Passed
920,250,2,2025-09-08,Passed
921,250,3,2025-09-11,Passed
922,250,4,2025-09-21,Passed
923,250,5,2025-09-25,Rejected
924,251,1,2025-05-01,Passed
925,251,2,2025-05-05,Rejected
926,252,1,2025-02-10,Passed
927,252,2,2025-02-15,Passed
928,252,3,2025-02-21,Passed
929,252,4,2025-03-02,Passed
930,252,5,2025-03-06,Rejected
931,253,1,2025-01-18,Passed
932,253,2,2025-01-23,Rejected
933,254,1,2025-09-22,Passed
934,254,2,2025-09-28,Passed
935,254,3,2025-09-30,Rejected
936,255,1,2025-12-13,Passed
937,255,2,2025-12-21,Passed
938,255,3,2025-12-22,Rejected
939,256,1,2025-03-03,Passed
940,256,2,2025-03-09,Passed
941,256,3,2025-03-18,Passed
942,256,4,2025-03-21,Rejected
943,257,1,2025-08-18,Passed
944,257,2,2025-08-27,Passed
945,257,3,2025-09-05,Passed
946,257,4,2025-09-12,Passed
947,257,5,2025-09-16,Rejected
948,258,1,2025-04-19,Passed
949,258,2,2025-04-27,Passed
950,258,3,2025-05-03,Rejected
951,259,1,2025-03-06,Passed
952,259,2,2025-03-09,Passed
953,259,3,2025-03-11,Passed
954,259,4,2025-03-16,Passed
955,259,5,2025-03-19,Rejected
956,260,1,2025-02-10,Passed
957,260,2,2025-02-16,Rejected
958,261,1,2025-11-18,Passed
959,261,2,2025-11-23,Rejected
960,262,1,2025-11-01,Passed
961,262,2,2025-11-03,Passed
962,262,3,2025-11-13,Passed
963,262,4,2025-11-16,Rejected
964,263,1,2025-02-04,Passed
965,263,2,2025-02-10,Rejected
966,264,1,2025-10-12,Passed
967,264,2,2025-10-22,Passed
968,264,3,2025-10-26,Passed
969,264,4,2025-11-05,Passed
970,264,5,2025-11-08,Rejected
971,265,1,2025-06-16,Passed
972,265,2,2025-06-18,Rejected
973,266,1,2025-09-24,Passed
974,266,2,2025-10-04,Passed
975,266,3,2025-10-10,Passed
976,266,4,2025-10-12,Passed
977,266,5,2025-10-16,Rejected
978,267,1,2025-01-07,Passed
979,267,2,2025-01-14,Rejected
980,268,1,2025-11-16,Passed
981,268,2,2025-11-23,Passed
982,268,3,2025-11-26,Rejected
983,269,1,2025-08-03,Passed
984,269,2,2025-08-06,Rejected
985,270,1,2025-03-18,Passed
986,270,2,2025-03-24,Passed
987,270,3,2025-04-01,Passed
988,270,4,2025-04-04,Rejected
989,271,1,2025-10-29,Passed
990,271,2,2025-11-07,Passed
991,271,3,2025-11-09,Rejected
992,272,1,2025-02-21,Passed
993,272,2,2025-03-02,Passed
994,272,3,2025-03-06,Passed
995,272,4,2025-03-10,Passed
996,272,5,2025-03-16,Passed
997,272,6,2025-03-25,Selected
998,273,1,2025-10-16,Passed
999,273,2,2025-10-25,Passed
1000,273,3,2025-11-01,Passed
1001,273,4,2025-11-06,Rejected
1002,274,1,2025-05-27,Passed
1003,274,2,2025-06-05,Passed
1004,274,3,2025-06-09,Passed
1005,274,4,2025-06-12,Passed
1006,274,5,2025-06-18,Passed
1007,274,6,2025-06-22,Selected
1008,275,1,2025-06-26,Passed
1009,275,2,2025-07-02,Passed
1010,275,3,2025-07-07,Passed
1011,275,4,2025-07-08,Rejected
1012,276,1,2025-05-16,Passed
1013,276,2,2025-05-20,Passed
1014,276,3,2025-05-23,Passed
1015,276,4,2025-06-01,Passed
1016,276,5,2025-06-04,Rejected
1017,277,1,2025-09-06,Passed
1018,277,2,2025-09-09,Passed
1019,277,3,2025-09-12,Passed
1020,277,4,2025-09-14,Rejected
1021,278,1,2025-08-31,Passed
1022,278,2,2025-09-09,Passed
1023,278,3,2025-09-15,Rejected
1024,279,1,2025-05-22,Passed
1025,279,2,2025-05-28,Passed
1026,279,3,2025-05-30,Passed
1027,279,4,2025-06-01,Passed
1028,279,5,2025-06-05,Rejected
1029,280,1,2025-11-13,Passed
1030,280,2,2025-11-17,Passed
1031,280,3,2025-11-19,Passed
1032,280,4,2025-11-22,Rejected
1033,281,1,2025-12-22,Passed
1034,281,2,2025-12-24,Passed
1035,281,3,2025-12-29,Rejected
1036,282,1,2025-07-22,Passed
1037,282,2,2025-07-26,Rejected
1038,283,1,2025-06-19,Passed
1039,283,2,2025-06-25,Passed
1040,283,3,2025-07-03,Passed
1041,283,4,2025-07-08,Passed
1042,283,5,2025-07-16,Passed
1043,283,6,2025-07-23,Rejected
1044,284,1,2025-01-26,Passed
1045,284,2,2025-01-28,Rejected
1046,285,1,2025-05-18,Passed
1047,285,2,2025-05-27,Passed
1048,285,3,2025-06-02,Rejected
1049,286,1,2025-01-11,Passed
1050,286,2,2025-01-14,Rejected
1051,287,1,2025-06-05,Passed
1052,287,2,2025-06-10,Rejected
1053,288,1,2025-09-09,Passed
1054,288,2,2025-09-12,Passed
1055,288,3,2025-09-17,Rejected
1056,289,1,2025-12-17,Passed
1057,289,2,2025-12-26,Passed
1058,289,3,2025-12-30,Rejected
1059,290,1,2025-04-27,Passed
1060,290,2,2025-05-05,Passed
1061,290,3,2025-05-13,Passed
1062,290,4,2025-05-18,Rejected
1063,291,1,2025-08-15,Passed
1064,291,2,2025-08-23,Passed
1065,291,3,2025-09-02,Passed
1066,291,4,2025-09-11,Passed
1067,291,5,2025-09-17,Rejected
1068,292,1,2025-06-14,Passed
1069,292,2,2025-06-18,Passed
1070,292,3,2025-06-23,Rejected
1071,293,1,2025-08-02,Passed
1072,293,2,2025-08-12,Passed
1073,293,3,2025-08-21,Passed
1074,293,4,2025-08-30,Passed
1075,293,5,2025-09-03,Passed
1076,293,6,2025-09-06,Rejected
1077,294,1,2025-02-15,Passed
1078,294,2,2025-02-20,Rejected
1079,295,1,2025-04-19,Passed
1080,295,2,2025-04-21,Passed
1081,295,3,2025-04-23,Passed
1082,295,4,2025-04-28,Rejected
1083,296,1,2025-07-28,Passed
1084,296,2,2025-07-31,Passed
1085,296,3,2025-08-06,Passed
1086,296,4,2025-08-09,Passed
1087,296,5,2025-08-10,Rejected
1088,297,1,2025-09-22,Passed
1089,297,2,2025-10-01,Passed
1090,297,3,2025-10-05,Passed
1091,297,4,2025-10-06,Rejected
1092,298,1,2025-01-29,Passed
1093,298,2,2025-02-04,Passed
1094,298,3,2025-02-13,Passed
1095,298,4,2025-02-17,Rejected
1096,299,1,2025-03-23,Passed
1097,299,2,2025-03-29,Passed
1098,299,3,2025-04-02,Passed
1099,299,4,2025-04-05,Passed
1100,299,5,2025-04-10,Rejected
1101,300,1,2025-12-30,Passed
1102,300,2,2026-01-02,Passed
1103,300,3,2026-01-04,Passed
1104,300,4,2026-01-07,Passed
1105,300,5,2026-01-16,Passed
1106,300,6,2026-01-20,Rejected
1107,301,1,2025-03-11,Passed
1108,301,2,2025-03-17,Rejected
1109,302,1,2025-09-26,Passed
1110,302,2,2025-10-05,Passed
1111,302,3,2025-10-12,Passed
1112,302,4,2025-10-18,Rejected
1113,303,1,2025-01-15,Passed
1114,303,2,2025-01-21,Passed
1115,303,3,2025-01-25,Passed
1116,303,4,2025-01-28,Passed
1117,303,5,2025-02-03,Rejected
1118,304,1,2025-04-13,Passed
1119,304,2,2025-04-20,Rejected
1120,305,1,2025-05-08,Passed
1121,305,2,2025-05-17,Passed
1122,305,3,2025-05-23,Rejected
1123,306,1,2025-01-26,Passed
1124,306,2,2025-02-05,Passed
1125,306,3,2025-02-11,Passed
1126,306,4,2025-02-13,Rejected
1127,307,1,2025-12-27,Passed
1128,307,2,2025-12-29,Passed
1129,307,3,2026-01-02,Passed
1130,307,4,2026-01-06,Rejected
1131,308,1,2025-07-08,Passed
1132,308,2,2025-07-12,Rejected
1133,309,1,2025-09-16,Passed
1134,309,2,2025-09-25,Passed
1135,309,3,2025-09-30,Passed
1136,309,4,2025-10-08,Passed
1137,309,5,2025-10-10,Passed
1138,309,6,2025-10-18,Selected
1139,310,1,2025-03-05,Passed
1140,310,2,2025-03-12,Rejected
1141,311,1,2025-05-04,Passed
1142,311,2,2025-05-14,Passed
1143,311,3,2025-05-15,Rejected
1144,312,1,2025-11-01,Passed
1145,312,2,2025-11-10,Passed
1146,312,3,2025-11-19,Passed
1147,312,4,2025-11-21,Passed
1148,312,5,2025-11-25,Rejected
1149,313,1,2025-08-31,Passed
1150,313,2,2025-09-10,Passed
1151,313,3,2025-09-18,Passed
1152,313,4,2025-09-19,Rejected
1153,314,1,2025-06-29,Passed
1154,314,2,2025-07-06,Passed
1155,314,3,2025-07-14,Passed
1156,314,4,2025-07-20,Passed
1157,314,5,2025-07-24,Rejected
1158,315,1,2025-05-13,Passed
1159,315,2,2025-05-18,Passed
1160,315,3,2025-05-25,Passed
1161,315,4,2025-06-01,Rejected
1162,316,1,2025-12-19,Passed
1163,316,2,2025-12-25,Rejected
1164,317,1,2025-01-15,Passed
1165,317,2,2025-01-21,Passed
1166,317,3,2025-01-25,Rejected
1167,318,1,2025-03-25,Passed
1168,318,2,2025-04-01,Rejected
1169,319,1,2025-04-20,Passed
1170,319,2,2025-04-26,Rejected
1171,320,1,2025-11-28,Passed
1172,320,2,2025-12-07,Passed
1173,320,3,2025-12-14,Rejected
1174,321,1,2025-04-16,Passed
1175,321,2,2025-04-21,Passed
1176,321,3,2025-04-24,Passed
1177,321,4,2025-04-26,Rejected
1178,322,1,2025-07-29,Passed
1179,322,2,2025-08-02,Passed
1180,322,3,2025-08-05,Passed
1181,322,4,2025-08-09,Rejected
1182,323,1,2025-12-16,Passed
1183,323,2,2025-12-21,Passed
1184,323,3,2025-12-23,Passed
1185,323,4,2025-12-29,Passed
1186,323,5,2026-01-02,Passed
1187,323,6,2026-01-12,Selected
1188,324,1,2025-03-09,Passed
1189,324,2,2025-03-12,Passed
1190,324,3,2025-03-15,Passed
1191,324,4,2025-03-16,Rejected
1192,325,1,2025-11-04,Passed
1193,325,2,2025-11-13,Passed
1194,325,3,2025-11-20,Passed
1195,325,4,2025-11-27,Rejected
1196,326,1,2025-04-25,Passed
1197,326,2,2025-05-05,Passed
1198,326,3,2025-05-09,Passed
1199,326,4,2025-05-16,Rejected
1200,327,1,2025-06-06,Passed
1201,327,2,2025-06-09,Passed
1202,327,3,2025-06-13,Rejected
1203,328,1,2025-11-26,Passed
1204,328,2,2025-12-03,Rejected
1205,329,1,2025-07-12,Passed
1206,329,2,2025-07-15,Passed
1207,329,3,2025-07-20,Rejected
1208,330,1,2025-08-24,Passed
1209,330,2,2025-08-25,Rejected
1210,331,1,2025-08-27,Passed
1211,331,2,2025-08-28,Rejected
1212,332,1,2025-09-24,Passed
1213,332,2,2025-09-28,Passed
1214,332,3,2025-10-05,Rejected
1215,333,1,2025-07-23,Passed
1216,333,2,2025-07-30,Passed
1217,333,3,2025-08-05,Passed
1218,333,4,2025-08-12,Rejected
1219,334,1,2025-01-04,Passed
1220,334,2,2025-01-07,Passed
1221,334,3,2025-01-14,Passed
1222,334,4,2025-01-18,Passed
1223,334,5,2025-01-23,Passed
1224,334,6,2025-01-27,Rejected
1225,335,1,2025-07-11,Passed
1226,335,2,2025-07-13,Passed
1227,335,3,2025-07-22,Passed
1228,335,4,2025-08-01,Passed
1229,335,5,2025-08-07,Passed
1230,335,6,2025-08-14,Rejected
1231,336,1,2025-11-01,Passed
1232,336,2,2025-11-06,Passed
1233,336,3,2025-11-16,Passed
1234,336,4,2025-11-21,Passed
1235,336,5,2025-11-29,Passed
1236,336,6,2025-12-03,Rejected
1237,337,1,2025-06-02,Passed
1238,337,2,2025-06-09,Rejected
1239,338,1,2025-09-04,Passed
1240,338,2,2025-09-11,Passed
1241,338,3,2025-09-15,Rejected
1242,339,1,2025-05-22,Passed
1243,339,2,2025-05-24,Passed
1244,339,3,2025-05-29,Rejected
1245,340,1,2025-05-22,Passed
1246,340,2,2025-05-23,Rejected
1247,341,1,2025-12-31,Passed
1248,341,2,2026-01-08,Passed
1249,341,3,2026-01-10,Rejected
1250,342,1,2025-11-30,Passed
1251,342,2,2025-12-08,Passed
1252,342,3,2025-12-14,Rejected
1253,343,1,2025-03-18,Passed
1254,343,2,2025-03-20,Rejected
1255,344,1,2025-05-04,Passed
1256,344,2,2025-05-05,Rejected
1257,345,1,2025-11-04,Passed
1258,345,2,2025-11-10,Rejected
1259,346,1,2025-06-13,Passed
1260,346,2,2025-06-18,Rejected
1261,347,1,2025-01-14,Passed
1262,347,2,2025-01-18,Rejected
1263,348,1,2025-06-01,Passed
1264,348,2,2025-06-11,Passed
1265,348,3,2025-06-17,Rejected
1266,349,1,2025-08-03,Passed
1267,349,2,2025-08-10,Passed
1268,349,3,2025-08-16,Passed
1269,349,4,2025-08-21,Rejected
1270,350,1,2025-01-19,Passed
1271,350,2,2025-01-25,Rejected
1272,351,1,2025-10-20,Passed
1273,351,2,2025-10-25,Passed
1274,351,3,2025-10-30,Rejected
1275,352,1,2025-06-25,Passed
1276,352,2,2025-07-01,Rejected
1277,353,1,2025-04-24,Passed
1278,353,2,2025-05-01,Passed
1279,353,3,2025-05-08,Rejected
1280,354,1,2025-11-23,Passed
1281,354,2,2025-11-28,Passed
1282,354,3,2025-11-29,Rejected
1283,355,1,2025-12-10,Passed
1284,355,2,2025-12-17,Passed
1285,355,3,2025-12-21,Passed
1286,355,4,2025-12-26,Rejected
1287,356,1,2025-06-03,Passed
1288,356,2,2025-06-06,Passed
1289,356,3,2025-06-12,Passed
1290,356,4,2025-06-19,Rejected
1291,357,1,2025-12-03,Passed
1292,357,2,2025-12-05,Passed
1293,357,3,2025-12-15,Passed
1294,357,4,2025-12-17,Rejected
1295,358,1,2025-04-03,Passed
1296,358,2,2025-04-06,Rejected
1297,359,1,2025-08-30,Passed
1298,359,2,2025-09-09,Passed
1299,359,3,2025-09-11,Passed
1300,359,4,2025-09-14,Rejected
1301,360,1,2025-05-13,Passed
1302,360,2,2025-05-20,Passed
1303,360,3,2025-05-23,Passed
1304,360,4,2025-05-25,Passed
1305,360,5,2025-05-27,Rejected
1306,361,1,2025-10-14,Passed
1307,361,2,2025-10-19,Rejected
1308,362,1,2025-04-04,Passed
1309,362,2,2025-04-14,Passed
1310,362,3,2025-04-16,Rejected
1311,363,1,2025-06-21,Passed
1312,363,2,2025-06-27,Passed
1313,363,3,2025-07-04,Rejected
1314,364,1,2025-04-24,Passed
1315,364,2,2025-04-28,Passed
1316,364,3,2025-05-03,Rejected
1317,365,1,2025-06-07,Passed
1318,365,2,2025-06-10,Passed
1319,365,3,2025-06-15,Passed
1320,365,4,2025-06-18,Rejected
1321,366,1,2025-06-19,Passed
1322,366,2,2025-06-23,Passed
1323,366,3,2025-06-30,Rejected
1324,367,1,2025-10-27,Passed
1325,367,2,2025-10-30,Passed
1326,367,3,2025-11-03,Passed
1327,367,4,2025-11-12,Passed
1328,367,5,2025-11-22,Passed
1329,367,6,2025-11-27,Rejected
1330,368,1,2025-03-02,Passed
1331,368,2,2025-03-10,Passed
1332,368,3,2025-03-15,Rejected
1333,369,1,2025-11-21,Passed
1334,369,2,2025-11-29,Passed
1335,369,3,2025-12-05,Rejected
1336,370,1,2025-02-06,Passed
1337,370,2,2025-02-10,Rejected
1338,371,1,2025-04-10,Passed
1339,371,2,2025-04-18,Passed
1340,371,3,2025-04-20,Rejected
1341,372,1,2025-12-15,Passed
1342,372,2,2025-12-24,Passed
1343,372,3,2025-12-26,Rejected
1344,373,1,2025-06-02,Passed
1345,373,2,2025-06-07,Rejected
1346,374,1,2025-03-19,Passed
1347,374,2,2025-03-20,Rejected
1348,375,1,2025-06-25,Passed
1349,375,2,2025-07-04,Passed
1350,375,3,2025-07-08,Passed
1351,375,4,2025-07-11,Rejected
1352,376,1,2025-08-23,Passed
1353,376,2,2025-08-24,Rejected
1354,377,1,2025-04-03,Passed
1355,377,2,2025-04-11,Passed
1356,377,3,2025-04-18,Passed
1357,377,4,2025-04-19,Rejected
1358,378,1,2025-09-07,Passed
1359,378,2,2025-09-10,Passed
1360,378,3,2025-09-17,Passed
1361,378,4,2025-09-26,Passed
1362,378,5,2025-09-30,Passed
1363,378,6,2025-10-08,Selected
1364,379,1,2025-04-01,Passed
1365,379,2,2025-04-07,Passed
1366,379,3,2025-04-09,Rejected
1367,380,1,2025-01-30,Passed
1368,380,2,2025-02-08,Passed
1369,380,3,2025-02-18,Passed
1370,380,4,2025-02-20,Passed
1371,380,5,2025-02-25,Rejected
1372,381,1,2025-05-21,Passed
1373,381,2,2025-05-30,Passed
1374,381,3,2025-06-06,Rejected
1375,382,1,2025-03-28,Passed
1376,382,2,2025-04-01,Passed
1377,382,3,2025-04-06,Rejected
1378,383,1,2025-03-23,Passed
1379,383,2,2025-04-01,Passed
1380,383,3,2025-04-03,Rejected
1381,384,1,2025-02-15,Passed
1382,384,2,2025-02-18,Rejected
1383,385,1,2025-08-11,Passed
1384,385,2,2025-08-19,Passed
1385,385,3,2025-08-27,Passed
1386,385,4,2025-08-29,Passed
1387,385,5,2025-09-02,Rejected
1388,386,1,2025-07-26,Passed
1389,386,2,2025-07-29,Passed
1390,386,3,2025-08-04,Rejected
1391,387,1,2025-07-16,Passed
1392,387,2,2025-07-22,Passed
1393,387,3,2025-07-25,Passed
1394,387,4,2025-07-26,Rejected
1395,388,1,2025-10-01,Passed
1396,388,2,2025-10-11,Passed
1397,388,3,2025-10-13,Passed
1398,388,4,2025-10-18,Rejected
1399,389,1,2025-07-11,Passed
1400,389,2,2025-07-20,Passed
1401,389,3,2025-07-22,Passed
1402,389,4,2025-08-01,Passed
1403,389,5,2025-08-03,Passed
1404,389,6,2025-08-05,Rejected
1405,390,1,2025-06-14,Passed
1406,390,2,2025-06-23,Passed
1407,390,3,2025-07-03,Passed
1408,390,4,2025-07-07,Rejected
1409,391,1,2025-09-29,Passed
1410,391,2,2025-10-08,Passed
1411,391,3,2025-10-09,Rejected
1412,392,1,2025-12-13,Passed
1413,392,2,2025-12-17,Passed
1414,392,3,2025-12-27,Passed
1415,392,4,2026-01-02,Passed
1416,392,5,2026-01-05,Passed
1417,392,6,2026-01-08,Rejected
1418,393,1,2025-05-08,Passed
1419,393,2,2025-05-14,Passed
1420,393,3,2025-05-16,Rejected
1421,394,1,2025-06-26,Passed
1422,394,2,2025-07-04,Passed
1423,394,3,2025-07-05,Rejected
1424,395,1,2025-02-22,Passed
1425,395,2,2025-03-01,Passed
1426,395,3,2025-03-03,Passed
1427,395,4,2025-03-06,Passed
1428,395,5,2025-03-14,Passed
1429,395,6,2025-03-17,Rejected
1430,396,1,2025-10-29,Passed
1431,396,2,2025-11-01,Passed
1432,396,3,2025-11-06,Passed
1433,396,4,2025-11-11,Rejected
1434,397,1,2025-02-03,Passed
1435,397,2,2025-02-13,Passed
1436,397,3,2025-02-17,Rejected
1437,398,1,2025-06-02,Passed
1438,398,2,2025-06-05,Rejected
1439,399,1,2025-08-22,Passed
1440,399,2,2025-08-31,Passed
1441,399,3,2025-09-03,Passed
1442,399,4,2025-09-07,Rejected
1443,400,1,2025-11-02,Passed
1444,400,2,2025-11-04,Passed
1445,400,3,2025-11-07,Passed
1446,400,4,2025-11-17,Passed
1447,400,5,2025-11-19,Rejected
1448,401,1,2025-08-11,Passed
1449,401,2,2025-08-19,Passed
1450,401,3,2025-08-29,Passed
1451,401,4,2025-09-02,Passed
1452,401,5,2025-09-04,Rejected
1453,402,1,2025-03-10,Passed
1454,402,2,2025-03-15,Rejected
1455,403,1,2025-09-08,Passed
1456,403,2,2025-09-13,Rejected
1457,404,1,2025-04-07,Passed
1458,404,2,2025-04-09,Passed
1459,404,3,2025-04-16,Rejected
1460,405,1,2025-07-26,Passed
1461,405,2,2025-07-30,Passed
1462,405,3,2025-08-08,Passed
1463,405,4,2025-08-14,Passed
1464,405,5,2025-08-18,Rejected
1465,406,1,2025-04-25,Passed
1466,406,2,2025-05-02,Rejected
1467,407,1,2025-04-19,Passed
1468,407,2,2025-04-29,Passed
1469,407,3,2025-05-03,Passed
1470,407,4,2025-05-08,Rejected
1471,408,1,2025-10-29,Passed
1472,408,2,2025-11-01,Passed
1473,408,3,2025-11-04,Passed
1474,408,4,2025-11-10,Rejected
1475,409,1,2025-03-05,Passed
1476,409,2,2025-03-11,Passed
1477,409,3,2025-03-13,Rejected
1478,410,1,2025-11-30,Passed
1479,410,2,2025-12-07,Passed
1480,410,3,2025-12-10,Rejected
1481,411,1,2025-07-12,Passed
1482,411,2,2025-07-21,Passed
1483,411,3,2025-07-28,Passed
1484,411,4,2025-08-06,Passed
1485,411,5,2025-08-09,Rejected
1486,412,1,2025-05-11,Passed
1487,412,2,2025-05-15,Passed
1488,412,3,2025-05-16,Rejected
1489,413,1,2025-11-16,Passed
1490,413,2,2025-11-18,Passed
1491,413,3,2025-11-24,Rejected
1492,414,1,2025-01-25,Passed
1493,414,2,2025-02-04,Passed
1494,414,3,2025-02-10,Rejected
1495,415,1,2025-12-01,Passed
1496,415,2,2025-12-09,Passed
1497,415,3,2025-12-12,Passed
1498,415,4,2025-12-19,Rejected
1499,416,1,2025-01-25,Passed
1500,416,2,2025-01-29,Rejected
1501,417,1,2025-08-02,Passed
1502,417,2,2025-08-09,Passed
1503,417,3,2025-08-13,Rejected
1504,418,1,2025-03-05,Passed
1505,418,2,2025-03-08,Rejected
1506,419,1,2025-08-31,Passed
1507,419,2,2025-09-02,Passed
1508,419,3,2025-09-09,Passed
1509,419,4,2025-09-13,Rejected
1510,420,1,2025-04-16,Passed
1511,420,2,2025-04-18,Passed
1512,420,3,2025-04-24,Rejected
1513,421,1,2025-11-19,Passed
1514,421,2,2025-11-22,Rejected
1515,422,1,2025-08-04,Passed
1516,422,2,2025-08-10,Passed
1517,422,3,2025-08-12,Rejected
1518,423,1,2025-05-19,Passed
1519,423,2,2025-05-28,Passed
1520,423,3,2025-05-29,Rejected
1521,424,1,2025-12-25,Passed
1522,424,2,2025-12-30,Passed
1523,424,3,2026-01-07,Passed
1524,424,4,2026-01-13,Passed
1525,424,5,2026-01-17,Rejected
1526,425,1,2025-02-23,Passed
1527,425,2,2025-02-28,Passed
1528,425,3,2025-03-05,Rejected
1529,426,1,2025-11-13,Passed
1530,426,2,2025-11-17,Passed
1531,426,3,2025-11-21,Passed
1532,426,4,2025-11-23,Rejected
1533,427,1,2025-02-28,Passed
1534,427,2,2025-03-05,Passed
1535,427,3,2025-03-11,Rejected
1536,428,1,2025-09-12,Passed
1537,428,2,2025-09-14,Rejected
1538,429,1,2025-04-13,Passed
1539,429,2,2025-04-14,Rejected
1540,430,1,2025-09-25,Passed
1541,430,2,2025-10-01,Rejected
1542,431,1,2025-07-03,Passed
1543,431,2,2025-07-09,Passed
1544,431,3,2025-07-13,Rejected
1545,432,1,2025-06-01,Passed
1546,432,2,2025-06-09,Passed
1547,432,3,2025-06-15,Rejected
1548,433,1,2025-10-08,Passed
1549,433,2,2025-10-15,Passed
1550,433,3,2025-10-23,Passed
1551,433,4,2025-11-02,Passed
1552,433,5,2025-11-05,Rejected
1553,434,1,2025-04-17,Passed
1554,434,2,2025-04-19,Passed
1555,434,3,2025-04-21,Rejected
1556,435,1,2025-09-04,Passed
1557,435,2,2025-09-12,Passed
1558,435,3,2025-09-19,Passed
1559,435,4,2025-09-24,Passed
1560,435,5,2025-09-26,Passed
1561,435,6,2025-09-28,Rejected
1562,436,1,2025-01-02,Passed
1563,436,2,2025-01-06,Rejected
1564,437,1,2025-02-15,Passed
1565,437,2,2025-02-17,Rejected
1566,438,1,2025-10-21,Passed
1567,438,2,2025-10-28,Passed
1568,438,3,2025-10-31,Passed
1569,438,4,2025-11-08,Passed
1570,438,5,2025-11-13,Rejected
1571,439,1,2025-03-18,Passed
1572,439,2,2025-03-21,Rejected
1573,440,1,2025-09-19,Passed
1574,440,2,2025-09-21,Rejected
1575,441,1,2025-02-21,Passed
1576,441,2,2025-02-26,Passed
1577,441,3,2025-03-05,Rejected
1578,442,1,2025-11-26,Passed
1579,442,2,2025-12-03,Passed
1580,442,3,2025-12-08,Passed
1581,442,4,2025-12-15,Rejected
1582,443,1,2025-06-01,Passed
1583,443,2,2025-06-10,Passed
1584,443,3,2025-06-16,Rejected
1585,444,1,2025-01-26,Passed
1586,444,2,2025-01-29,Passed
1587,444,3,2025-01-31,Passed
1588,444,4,2025-02-04,Rejected
1589,445,1,2025-03-31,Passed
1590,445,2,2025-04-03,Passed
1591,445,3,2025-04-04,Rejected
1592,446,1,2025-05-29,Passed
1593,446,2,2025-06-02,Rejected
1594,447,1,2025-12-13,Passed
1595,447,2,2025-12-21,Passed
1596,447,3,2025-12-23,Passed
1597,447,4,2025-12-26,Rejected
1598,448,1,2025-03-01,Passed
1599,448,2,2025-03-05,Rejected
1600,449,1,2025-01-24,Passed
1601,449,2,2025-02-01,Passed
1602,449,3,2025-02-03,Passed
1603,449,4,2025-02-12,Passed
1604,449,5,2025-02-17,Rejected
1605,450,1,2025-03-12,Passed
1606,450,2,2025-03-19,Passed
1607,450,3,2025-03-25,Rejected
1608,451,1,2025-03-29,Passed
1609,451,2,2025-04-02,Rejected
1610,452,1,2025-08-13,Passed
1611,452,2,2025-08-18,Passed
1612,452,3,2025-08-20,Passed
1613,452,4,2025-08-21,Rejected
1614,453,1,2025-05-18,Passed
1615,453,2,2025-05-23,Passed
1616,453,3,2025-05-25,Rejected
1617,454,1,2025-02-17,Passed
1618,454,2,2025-02-23,Passed
1619,454,3,2025-03-04,Passed
1620,454,4,2025-03-08,Rejected
1621,455,1,2025-06-25,Passed
1622,455,2,2025-06-29,Passed
1623,455,3,2025-06-30,Rejected
1624,456,1,2025-07-25,Passed
1625,456,2,2025-08-02,Passed
1626,456,3,2025-08-09,Passed
1627,456,4,2025-08-19,Passed
1628,456,5,2025-08-21,Rejected
1629,457,1,2025-05-20,Passed
1630,457,2,2025-05-27,Passed
1631,457,3,2025-05-29,Passed
1632,457,4,2025-06-04,Rejected
1633,458,1,2025-12-20,Passed
1634,458,2,2025-12-22,Passed
1635,458,3,2026-01-01,Passed
1636,458,4,2026-01-05,Rejected
1637,459,1,2025-08-04,Passed
1638,459,2,2025-08-09,Passed
1639,459,3,2025-08-11,Rejected
1640,460,1,2025-03-27,Passed
1641,460,2,2025-03-30,Rejected
1642,461,1,2025-12-23,Passed
1643,461,2,2026-01-01,Passed
1644,461,3,2026-01-05,Rejected
1645,462,1,2025-03-23,Passed
1646,462,2,2025-03-30,Passed
1647,462,3,2025-04-04,Rejected
1648,463,1,2025-10-30,Passed
1649,463,2,2025-11-04,Rejected
1650,464,1,2025-10-19,Passed
1651,464,2,2025-10-26,Passed
1652,464,3,2025-11-04,Passed
1653,464,4,2025-11-05,Rejected
1654,465,1,2025-04-03,Passed
1655,465,2,2025-04-05,Passed
1656,465,3,2025-04-11,Rejected
1657,466,1,2025-07-03,Passed
1658,466,2,2025-07-08,Passed
1659,466,3,2025-07-15,Passed
1660,466,4,2025-07-19,Rejected
1661,467,1,2025-12-17,Passed
1662,467,2,2025-12-21,Passed
1663,467,3,2025-12-22,Rejected
1664,468,1,2025-03-08,Passed
1665,468,2,2025-03-11,Passed
1666,468,3,2025-03-21,Passed
1667,468,4,2025-03-27,Passed
1668,468,5,2025-04-02,Rejected
1669,469,1,2025-09-07,Passed
1670,469,2,2025-09-14,Passed
1671,469,3,2025-09-16,Passed
1672,469,4,2025-09-22,Passed
1673,469,5,2025-09-28,Passed
1674,469,6,2025-10-01,Rejected
1675,470,1,2025-07-30,Passed
1676,470,2,2025-08-01,Rejected
1677,471,1,2025-02-02,Passed
1678,471,2,2025-02-04,Passed
1679,471,3,2025-02-10,Passed
1680,471,4,2025-02-11,Rejected
1681,472,1,2025-12-27,Passed
1682,472,2,2025-12-29,Rejected
1683,473,1,2025-09-26,Passed
1684,473,2,2025-09-29,Passed
1685,473,3,2025-10-04,Passed
1686,473,4,2025-10-09,Passed
1687,473,5,2025-10-12,Rejected
1688,474,1,2025-10-23,Passed
1689,474,2,2025-11-02,Passed
1690,474,3,2025-11-07,Rejected
1691,475,1,2025-04-25,Passed
1692,475,2,2025-05-01,Rejected
1693,476,1,2025-06-23,Passed
1694,476,2,2025-06-27,Passed
1695,476,3,2025-06-29,Rejected
1696,477,1,2025-12-19,Passed
1697,477,2,2025-12-21,Rejected
1698,478,1,2025-02-18,Passed
1699,478,2,2025-02-25,Passed
1700,478,3,2025-03-05,Passed
1701,478,4,2025-03-07,Rejected
1702,479,1,2025-05-08,Passed
1703,479,2,2025-05-15,Rejected
1704,480,1,2025-12-06,Passed
1705,480,2,2025-12-11,Passed
1706,480,3,2025-12-14,Rejected
1707,481,1,2025-07-17,Passed
1708,481,2,2025-07-20,Rejected
1709,482,1,2025-10-13,Passed
1710,482,2,2025-10-19,Passed
1711,482,3,2025-10-26,Rejected
1712,483,1,2025-01-28,Passed
1713,483,2,2025-02-06,Passed
1714,483,3,2025-02-09,Passed
1715,483,4,2025-02-16,Rejected
1716,484,1,2025-03-22,Passed
1717,484,2,2025-03-25,Passed
1718,484,3,2025-04-02,Passed
1719,484,4,2025-04-08,Rejected
1720,485,1,2025-08-29,Passed
1721,485,2,2025-09-05,Passed
1722,485,3,2025-09-14,Passed
1723,485,4,2025-09-21,Passed
1724,485,5,2025-09-25,Rejected
1725,486,1,2025-03-26,Passed
1726,486,2,2025-04-04,Passed
1727,486,3,2025-04-12,Passed
1728,486,4,2025-04-19,Rejected
1729,487,1,2025-09-09,Passed
1730,487,2,2025-09-11,Passed
1731,487,3,2025-09-16,Passed
1732,487,4,2025-09-21,Passed
1733,487,5,2025-09-24,Rejected
1734,488,1,2025-06-19,Passed
1735,488,2,2025-06-27,Passed
1736,488,3,2025-07-04,Passed
1737,488,4,2025-07-07,Passed
1738,488,5,2025-07-10,Passed
1739,488,6,2025-07-15,Rejected
1740,489,1,2025-01-26,Passed
1741,489,2,2025-01-28,Passed
1742,489,3,2025-02-04,Passed
1743,489,4,2025-02-13,Passed
1744,489,5,2025-02-16,Rejected
1745,490,1,2025-10-09,Passed
1746,490,2,2025-10-12,Rejected
1747,491,1,2025-07-26,Passed
1748,491,2,2025-07-28,Passed
1749,491,3,2025-08-02,Passed
1750,491,4,2025-08-05,Passed
1751,491,5,2025-08-08,Passed
1752,491,6,2025-08-13,Rejected
1753,492,1,2025-02-10,Passed
1754,492,2,2025-02-13,Passed
1755,492,3,2025-02-15,Rejected
1756,493,1,2025-10-21,Passed
1757,493,2,2025-10-24,Passed
1758,493,3,2025-11-03,Passed
1759,493,4,2025-11-08,Passed
1760,493,5,2025-11-11,Rejected
1761,494,1,2025-09-13,Passed
1762,494,2,2025-09-19,Passed
1763,494,3,2025-09-23,Passed
1764,494,4,2025-09-30,Rejected
1765,495,1,2025-03-02,Passed
1766,495,2,2025-03-12,Passed
1767,495,3,2025-03-13,Rejected
1768,496,1,2025-12-01,Passed
1769,496,2,2025-12-07,Passed
1770,496,3,2025-12-14,Rejected
1771,497,1,2025-07-26,Passed
1772,497,2,2025-07-30,Rejected
1773,498,1,2025-10-13,Passed
1774,498,2,2025-10-20,Rejected
1775,499,1,2025-02-16,Passed
1776,499,2,2025-02-25,Passed
1777,499,3,2025-03-04,Rejected
1778,500,1,2025-11-13,Passed
1779,500,2,2025-11-20,Rejected
1780,501,1,2025-09-18,Passed
1781,501,2,2025-09-23,Passed
1782,501,3,2025-09-25,Rejected
1783,502,1,2025-12-02,Passed
1784,502,2,2025-12-12,Passed
1785,502,3,2025-12-22,Passed
1786,502,4,2025-12-28,Rejected
1787,503,1,2025-06-24,Passed
1788,503,2,2025-06-27,Rejected
1789,504,1,2025-01-28,Passed
1790,504,2,2025-01-31,Rejected
1791,505,1,2025-08-21,Passed
1792,505,2,2025-08-25,Rejected
1793,506,1,2025-11-14,Passed
1794,506,2,2025-11-22,Passed
1795,506,3,2025-12-01,Passed
1796,506,4,2025-12-02,Rejected
1797,507,1,2025-12-03,Passed
1798,507,2,2025-12-07,Passed
1799,507,3,2025-12-09,Passed
1800,507,4,2025-12-15,Rejected
1801,508,1,2025-08-20,Passed
1802,508,2,2025-08-23,Rejected
1803,509,1,2025-12-04,Passed
1804,509,2,2025-12-12,Passed
1805,509,3,2025-12-16,Rejected
1806,510,1,2025-06-24,Passed
1807,510,2,2025-07-04,Passed
1808,510,3,2025-07-06,Passed
1809,510,4,2025-07-07,Rejected
1810,511,1,2025-11-21,Passed
1811,511,2,2025-11-23,Rejected
1812,512,1,2025-05-30,Passed
1813,512,2,2025-06-02,Rejected
1814,513,1,2025-07-11,Passed
1815,513,2,2025-07-19,Passed
1816,513,3,2025-07-21,Rejected
1817,514,1,2025-01-24,Passed
1818,514,2,2025-01-25,Rejected
1819,515,1,2025-09-10,Passed
1820,515,2,2025-09-15,Passed
1821,515,3,2025-09-22,Passed
1822,515,4,2025-09-26,Rejected
1823,516,1,2025-07-29,Passed
1824,516,2,2025-08-04,Passed
1825,516,3,2025-08-07,Passed
1826,516,4,2025-08-09,Rejected
1827,517,1,2025-11-09,Passed
1828,517,2,2025-11-18,Passed
1829,517,3,2025-11-23,Passed
1830,517,4,2025-12-01,Passed
1831,517,5,2025-12-06,Passed
1832,517,6,2025-12-11,Rejected
1833,518,1,2025-03-03,Passed
1834,518,2,2025-03-05,Passed
1835,518,3,2025-03-07,Passed
1836,518,4,2025-03-15,Passed
1837,518,5,2025-03-16,Rejected
1838,519,1,2025-07-21,Passed
1839,519,2,2025-07-29,Passed
1840,519,3,2025-08-01,Passed
1841,519,4,2025-08-06,Passed
1842,519,5,2025-08-11,Passed
1843,519,6,2025-08-18,Rejected
1844,520,1,2025-04-08,Passed
1845,520,2,2025-04-17,Passed
1846,520,3,2025-04-23,Passed
1847,520,4,2025-04-28,Rejected
1848,521,1,2025-02-25,Passed
1849,521,2,2025-03-06,Passed
1850,521,3,2025-03-08,Passed
1851,521,4,2025-03-12,Rejected
1852,522,1,2025-01-24,Passed
1853,522,2,2025-02-01,Passed
1854,522,3,2025-02-06,Passed
1855,522,4,2025-02-11,Rejected
1856,523,1,2025-12-11,Passed
1857,523,2,2025-12-15,Rejected
1858,524,1,2025-08-19,Passed
1859,524,2,2025-08-21,Passed
1860,524,3,2025-08-24,Rejected
1861,525,1,2025-10-29,Passed
1862,525,2,2025-11-07,Passed
1863,525,3,2025-11-13,Passed
1864,525,4,2025-11-17,Passed
1865,525,5,2025-11-19,Rejected
1866,526,1,2025-03-10,Passed
1867,526,2,2025-03-16,Rejected
1868,527,1,2025-01-03,Passed
1869,527,2,2025-01-11,Passed
1870,527,3,2025-01-13,Rejected
1871,528,1,2025-01-25,Passed
1872,528,2,2025-01-28,Passed
1873,528,3,2025-01-30,Passed
1874,528,4,2025-02-03,Passed
1875,528,5,2025-02-13,Passed
1876,528,6,2025-02-14,Rejected
1877,529,1,2025-08-10,Passed
1878,529,2,2025-08-15,Passed
1879,529,3,2025-08-19,Rejected
1880,530,1,2025-09-05,Passed
1881,530,2,2025-09-10,Rejected
1882,531,1,2025-04-01,Passed
1883,531,2,2025-04-08,Passed
1884,531,3,2025-04-11,Passed
1885,531,4,2025-04-18,Rejected
1886,532,1,2025-03-30,Passed
1887,532,2,2025-04-08,Passed
1888,532,3,2025-04-13,Passed
1889,532,4,2025-04-17,Rejected
1890,533,1,2025-03-07,Passed
1891,533,2,2025-03-16,Passed
1892,533,3,2025-03-24,Passed
1893,533,4,2025-03-28,Rejected
1894,534,1,2025-12-03,Passed
1895,534,2,2025-12-09,Passed
1896,534,3,2025-12-13,Passed
1897,534,4,2025-12-22,Passed
1898,534,5,2025-12-23,Rejected
1899,535,1,2025-06-14,Passed
1900,535,2,2025-06-19,Passed
1901,535,3,2025-06-23,Rejected
1902,536,1,2025-07-16,Passed
1903,536,2,2025-07-22,Passed
1904,536,3,2025-07-24,Rejected
1905,537,1,2025-12-21,Passed
1906,537,2,2025-12-26,Rejected
1907,538,1,2025-05-21,Passed
1908,538,2,2025-05-27,Passed
1909,538,3,2025-06-04,Passed
1910,538,4,2025-06-06,Passed
1911,538,5,2025-06-08,Rejected
1912,539,1,2025-05-31,Passed
1913,539,2,2025-06-04,Passed
1914,539,3,2025-06-06,Passed
1915,539,4,2025-06-11,Rejected
1916,540,1,2025-03-10,Passed
1917,540,2,2025-03-12,Passed
1918,540,3,2025-03-19,Rejected
1919,541,1,2025-09-20,Passed
1920,541,2,2025-09-23,Passed
1921,541,3,2025-09-29,Passed
1922,541,4,2025-10-01,Passed
1923,541,5,2025-10-09,Passed
1924,541,6,2025-10-11,Rejected
1925,542,1,2025-12-26,Passed
1926,542,2,2025-12-31,Passed
1927,542,3,2026-01-02,Passed
1928,542,4,2026-01-04,Passed
1929,542,5,2026-01-09,Passed
1930,542,6,2026-01-10,Rejected
1931,543,1,2025-06-10,Passed
1932,543,2,2025-06-13,Passed
1933,543,3,2025-06-20,Rejected
1934,544,1,2025-10-11,Passed
1935,544,2,2025-10-15,Passed
1936,544,3,2025-10-25,Passed
1937,544,4,2025-11-01,Passed
1938,544,5,2025-11-06,Passed
1939,544,6,2025-11-11,Rejected
1940,545,1,2025-04-13,Passed
1941,545,2,2025-04-21,Passed
1942,545,3,2025-04-26,Passed
1943,545,4,2025-05-03,Passed
1944,545,5,2025-05-11,Passed
1945,545,6,2025-05-12,Rejected
1946,546,1,2025-05-29,Passed
1947,546,2,2025-06-07,Passed
1948,546,3,2025-06-13,Passed
1949,546,4,2025-06-16,Rejected
1950,547,1,2025-12-11,Passed
1951,547,2,2025-12-16,Passed
1952,547,3,2025-12-25,Passed
1953,547,4,2025-12-26,Rejected
1954,548,1,2025-11-29,Passed
1955,548,2,2025-12-03,Passed
1956,548,3,2025-12-06,Passed
1957,548,4,2025-12-12,Rejected
1958,549,1,2025-09-15,Passed
1959,549,2,2025-09-19,Passed
1960,549,3,2025-09-26,Passed
1961,549,4,2025-10-02,Rejected
1962,550,1,2025-11-23,Passed
1963,550,2,2025-11-30,Passed
1964,550,3,2025-12-09,Passed
1965,550,4,2025-12-14,Passed
1966,550,5,2025-12-20,Rejected
1967,551,1,2025-03-01,Passed
1968,551,2,2025-03-03,Rejected
1969,552,1,2025-10-15,Passed
1970,552,2,2025-10-18,Passed
1971,552,3,2025-10-26,Passed
1972,552,4,2025-10-31,Rejected
1973,553,1,2025-10-20,Passed
1974,553,2,2025-10-24,Passed
1975,553,3,2025-10-30,Passed
1976,553,4,2025-11-07,Passed
1977,553,5,2025-11-09,Passed
1978,553,6,2025-11-18,Selected
1979,554,1,2025-12-30,Passed
1980,554,2,2026-01-06,Passed
1981,554,3,2026-01-13,Passed
1982,554,4,2026-01-20,Rejected
1983,555,1,2025-10-01,Passed
1984,555,2,2025-10-09,Passed
1985,555,3,2025-10-12,Rejected
1986,556,1,2025-08-05,Passed
1987,556,2,2025-08-10,Passed
1988,556,3,2025-08-13,Rejected
1989,557,1,2025-09-25,Passed
1990,557,2,2025-09-30,Passed
1991,557,3,2025-10-05,Passed
1992,557,4,2025-10-11,Rejected
1993,558,1,2025-07-15,Passed
1994,558,2,2025-07-23,Passed
1995,558,3,2025-07-27,Passed
1996,558,4,2025-07-29,Passed
1997,558,5,2025-08-07,Passed
1998,558,6,2025-08-12,Selected
1999,559,1,2025-12-10,Passed
2000,559,2,2025-12-14,Passed
2001,559,3,2025-12-16,Rejected
2002,560,1,2025-05-17,Passed
2003,560,2,2025-05-27,Passed
2004,560,3,2025-05-29,Rejected
2005,561,1,2025-03-24,Passed
2006,561,2,2025-03-27,Passed
2007,561,3,2025-04-05,Passed
2008,561,4,2025-04-10,Passed
2009,561,5,2025-04-14,Passed
2010,561,6,2025-04-17,Rejected
2011,562,1,2025-05-09,Passed
2012,562,2,2025-05-18,Passed
2013,562,3,2025-05-20,Rejected
2014,563,1,2025-02-01,Passed
2015,563,2,2025-02-10,Passed
2016,563,3,2025-02-17,Passed
2017,563,4,2025-02-21,Passed
2018,563,5,2025-02-25,Rejected
2019,564,1,2025-06-01,Passed
2020,564,2,2025-06-09,Passed
2021,564,3,2025-06-16,Rejected
2022,565,1,2025-10-05,Passed
2023,565,2,2025-10-09,Rejected
2024,566,1,2025-08-20,Passed
2025,566,2,2025-08-28,Passed
2026,566,3,2025-08-31,Passed
2027,566,4,2025-09-03,Rejected
2028,567,1,2025-12-12,Passed
2029,567,2,2025-12-16,Passed
2030,567,3,2025-12-20,Passed
2031,567,4,2025-12-29,Passed
2032,567,5,2026-01-04,Passed
2033,567,6,2026-01-09,Rejected
2034,568,1,2025-04-25,Passed
2035,568,2,2025-05-02,Passed
2036,568,3,2025-05-11,Passed
2037,568,4,2025-05-16,Passed
2038,568,5,2025-05-26,Passed
2039,568,6,2025-05-29,Rejected
2040,569,1,2025-10-15,Passed
2041,569,2,2025-10-23,Passed
2042,569,3,2025-10-29,Rejected
2043,570,1,2025-09-19,Passed
2044,570,2,2025-09-28,Passed
2045,570,3,2025-10-01,Passed
2046,570,4,2025-10-03,Passed
2047,570,5,2025-10-04,Rejected
2048,571,1,2025-12-23,Passed
2049,571,2,2025-12-27,Passed
2050,571,3,2026-01-04,Passed
2051,571,4,2026-01-11,Rejected
2052,572,1,2025-12-07,Passed
2053,572,2,2025-12-13,Rejected
2054,573,1,2025-07-15,Passed
2055,573,2,2025-07-24,Passed
2056,573,3,2025-07-27,Rejected
2057,574,1,2025-12-17,Passed
2058,574,2,2025-12-25,Passed
2059,574,3,2025-12-31,Rejected
2060,575,1,2025-01-28,Passed
2061,575,2,2025-02-06,Passed
2062,575,3,2025-02-13,Passed
2063,575,4,2025-02-19,Rejected
2064,576,1,2025-05-09,Passed
2065,576,2,2025-05-13,Passed
2066,576,3,2025-05-22,Passed
2067,576,4,2025-05-24,Rejected
2068,577,1,2025-08-15,Passed
2069,577,2,2025-08-19,Passed
2070,577,3,2025-08-22,Passed
2071,577,4,2025-08-26,Rejected
2072,578,1,2025-11-21,Passed
2073,578,2,2025-11-24,Passed
2074,578,3,2025-11-29,Passed
2075,578,4,2025-12-01,Rejected
2076,579,1,2025-11-28,Passed
2077,579,2,2025-12-01,Rejected
2078,580,1,2025-10-29,Passed
2079,580,2,2025-11-08,Passed
2080,580,3,2025-11-14,Rejected
2081,581,1,2025-11-05,Passed
2082,581,2,2025-11-10,Rejected
2083,582,1,2025-04-10,Passed
2084,582,2,2025-04-18,Passed
2085,582,3,2025-04-24,Rejected
2086,583,1,2025-04-01,Passed
2087,583,2,2025-04-02,Rejected
2088,584,1,2025-04-06,Passed
2089,584,2,2025-04-13,Passed
2090,584,3,2025-04-16,Rejected
2091,585,1,2025-09-21,Passed
2092,585,2,2025-09-29,Passed
2093,585,3,2025-09-30,Rejected
2094,586,1,2025-01-21,Passed
2095,586,2,2025-01-28,Rejected
2096,587,1,2025-10-12,Passed
2097,587,2,2025-10-15,Passed
2098,587,3,2025-10-23,Passed
2099,587,4,2025-10-29,Rejected
2100,588,1,2025-03-24,Passed
2101,588,2,2025-04-01,Passed
2102,588,3,2025-04-08,Passed
2103,588,4,2025-04-12,Passed
2104,588,5,2025-04-16,Passed
2105,588,6,2025-04-17,Rejected
2106,589,1,2025-05-11,Passed
2107,589,2,2025-05-16,Passed
2108,589,3,2025-05-18,Passed
2109,589,4,2025-05-25,Rejected
2110,590,1,2025-08-27,Passed
2111,590,2,2025-09-02,Passed
2112,590,3,2025-09-09,Rejected
2113,591,1,2025-03-21,Passed
2114,591,2,2025-03-24,Passed
2115,591,3,2025-03-26,Rejected
2116,592,1,2025-06-15,Passed
2117,592,2,2025-06-18,Passed
2118,592,3,2025-06-24,Passed
2119,592,4,2025-06-26,Passed
2120,592,5,2025-06-30,Rejected
2121,593,1,2025-11-17,Passed
2122,593,2,2025-11-20,Passed
2123,593,3,2025-11-26,Passed
2124,593,4,2025-11-27,Rejected
2125,594,1,2025-12-05,Passed
2126,594,2,2025-12-07,Passed
2127,594,3,2025-12-17,Passed
2128,594,4,2025-12-21,Rejected
2129,595,1,2025-10-21,Passed
2130,595,2,2025-10-27,Passed
2131,595,3,2025-10-31,Rejected
2132,596,1,2025-02-07,Passed
2133,596,2,2025-02-15,Passed
2134,596,3,2025-02-22,Passed
2135,596,4,2025-03-01,Rejected
2136,597,1,2025-06-12,Passed
2137,597,2,2025-06-19,Passed
2138,597,3,2025-06-23,Rejected
2139,598,1,2025-04-05,Passed
2140,598,2,2025-04-12,Passed
2141,598,3,2025-04-19,Rejected
2142,599,1,2025-09-16,Passed
2143,599,2,2025-09-25,Passed
2144,599,3,2025-09-29,Rejected
2145,600,1,2025-10-06,Passed
2146,600,2,2025-10-10,Passed
2147,600,3,2025-10-13,Passed
2148,600,4,2025-10-16,Rejected
2149,601,1,2025-02-17,Passed
2150,601,2,2025-02-24,Rejected
2151,602,1,2025-04-20,Passed
2152,602,2,2025-04-23,Rejected
2153,603,1,2025-06-19,Passed
2154,603,2,2025-06-28,Passed
2155,603,3,2025-07-03,Passed
2156,603,4,2025-07-10,Passed
2157,603,5,2025-07-17,Passed
2158,603,6,2025-07-24,Rejected
2159,604,1,2025-04-22,Passed
2160,604,2,2025-05-01,Passed
2161,604,3,2025-05-10,Passed
2162,604,4,2025-05-13,Passed
2163,604,5,2025-05-22,Passed
2164,604,6,2025-05-29,Rejected
2165,605,1,2025-09-01,Passed
2166,605,2,2025-09-04,Passed
2167,605,3,2025-09-07,Rejected
2168,606,1,2025-11-29,Passed
2169,606,2,2025-12-03,Passed
2170,606,3,2025-12-08,Rejected
2171,607,1,2025-12-09,Passed
2172,607,2,2025-12-15,Rejected
2173,608,1,2025-05-04,Passed
2174,608,2,2025-05-08,Passed
2175,608,3,2025-05-11,Passed
2176,608,4,2025-05-21,Passed
2177,608,5,2025-05-25,Rejected
2178,609,1,2025-11-11,Passed
2179,609,2,2025-11-20,Passed
2180,609,3,2025-11-24,Rejected
2181,610,1,2025-05-05,Passed
2182,610,2,2025-05-10,Passed
2183,610,3,2025-05-14,Passed
2184,610,4,2025-05-20,Rejected
2185,611,1,2025-12-16,Passed
2186,611,2,2025-12-19,Passed
2187,611,3,2025-12-21,Passed
2188,611,4,2025-12-28,Passed
2189,611,5,2026-01-04,Rejected
2190,612,1,2025-07-15,Passed
2191,612,2,2025-07-21,Passed
2192,612,3,2025-07-27,Rejected
2193,613,1,2025-02-28,Passed
2194,613,2,2025-03-04,Passed
2195,613,3,2025-03-10,Rejected
2196,614,1,2025-10-04,Passed
2197,614,2,2025-10-07,Passed
2198,614,3,2025-10-10,Rejected
2199,615,1,2025-01-13,Passed
2200,615,2,2025-01-18,Rejected
2201,616,1,2025-07-11,Passed
2202,616,2,2025-07-14,Passed
2203,616,3,2025-07-18,Rejected
2204,617,1,2025-09-18,Passed
2205,617,2,2025-09-24,Rejected
2206,618,1,2025-01-23,Passed
2207,618,2,2025-01-31,Passed
2208,618,3,2025-02-07,Rejected
2209,619,1,2025-11-30,Passed
2210,619,2,2025-12-08,Passed
2211,619,3,2025-12-10,Rejected
2212,620,1,2025-09-21,Passed
2213,620,2,2025-09-27,Passed
2214,620,3,2025-09-30,Passed
2215,620,4,2025-10-05,Passed
2216,620,5,2025-10-06,Rejected
2217,621,1,2025-03-27,Passed
2218,621,2,2025-03-31,Passed
2219,621,3,2025-04-04,Rejected
2220,622,1,2025-10-03,Passed
2221,622,2,2025-10-05,Passed
2222,622,3,2025-10-15,Passed
2223,622,4,2025-10-23,Passed
2224,622,5,2025-10-26,Rejected
2225,623,1,2025-11-17,Passed
2226,623,2,2025-11-21,Passed
2227,623,3,2025-11-26,Passed
2228,623,4,2025-11-28,Passed
2229,623,5,2025-12-02,Rejected
2230,624,1,2025-12-10,Passed
2231,624,2,2025-12-16,Passed
2232,624,3,2025-12-20,Rejected
2233,625,1,2025-04-20,Passed
2234,625,2,2025-04-24,Passed
2235,625,3,2025-04-28,Passed
2236,625,4,2025-05-05,Rejected
2237,626,1,2025-08-06,Passed
2238,626,2,2025-08-12,Rejected
2239,627,1,2025-04-16,Passed
2240,627,2,2025-04-23,Passed
2241,627,3,2025-04-26,Passed
2242,627,4,2025-05-05,Passed
2243,627,5,2025-05-07,Rejected
2244,628,1,2025-12-26,Passed
2245,628,2,2026-01-03,Passed
2246,628,3,2026-01-10,Passed
2247,628,4,2026-01-15,Passed
2248,628,5,2026-01-22,Rejected
2249,629,1,2025-08-11,Passed
2250,629,2,2025-08-13,Passed
2251,629,3,2025-08-20,Rejected
2252,630,1,2025-02-06,Passed
2253,630,2,2025-02-15,Passed
2254,630,3,2025-02-18,Rejected
2255,631,1,2025-03-20,Passed
2256,631,2,2025-03-26,Rejected
2257,632,1,2025-06-19,Passed
2258,632,2,2025-06-21,Rejected
2259,633,1,2025-02-07,Passed
2260,633,2,2025-02-12,Rejected
2261,634,1,2025-05-09,Passed
2262,634,2,2025-05-17,Passed
2263,634,3,2025-05-20,Rejected
2264,635,1,2025-10-22,Passed
2265,635,2,2025-10-30,Passed
2266,635,3,2025-11-05,Passed
2267,635,4,2025-11-10,Passed
2268,635,5,2025-11-15,Rejected
2269,636,1,2025-05-13,Passed
2270,636,2,2025-05-17,Passed
2271,636,3,2025-05-19,Passed
2272,636,4,2025-05-25,Rejected
2273,637,1,2025-08-19,Passed
2274,637,2,2025-08-23,Passed
2275,637,3,2025-09-01,Passed
2276,637,4,2025-09-04,Rejected
2277,638,1,2025-08-10,Passed
2278,638,2,2025-08-12,Rejected
2279,639,1,2025-07-19,Passed
2280,639,2,2025-07-24,Passed
2281,639,3,2025-07-25,Rejected
2282,640,1,2025-10-01,Passed
2283,640,2,2025-10-04,Passed
2284,640,3,2025-10-11,Rejected
2285,641,1,2025-11-13,Passed
2286,641,2,2025-11-21,Passed
2287,641,3,2025-11-23,Rejected
2288,642,1,2025-10-27,Passed
2289,642,2,2025-10-28,Rejected
2290,643,1,2025-02-07,Passed
2291,643,2,2025-02-16,Passed
2292,643,3,2025-02-18,Passed
2293,643,4,2025-02-28,Passed
2294,643,5,2025-03-05,Rejected
2295,644,1,2025-09-15,Passed
2296,644,2,2025-09-19,Passed
2297,644,3,2025-09-23,Rejected
2298,645,1,2025-12-18,Passed
2299,645,2,2025-12-21,Passed
2300,645,3,2025-12-30,Passed
2301,645,4,2026-01-03,Passed
2302,645,5,2026-01-07,Rejected
2303,646,1,2025-02-14,Passed
2304,646,2,2025-02-17,Passed
2305,646,3,2025-02-24,Rejected
2306,647,1,2025-08-13,Passed
2307,647,2,2025-08-17,Rejected
2308,648,1,2025-12-05,Passed
2309,648,2,2025-12-14,Passed
2310,648,3,2025-12-17,Passed
2311,648,4,2025-12-20,Passed
2312,648,5,2025-12-26,Rejected
2313,649,1,2025-03-22,Passed
2314,649,2,2025-03-24,Rejected
2315,650,1,2025-03-11,Passed
2316,650,2,2025-03-20,Passed
2317,650,3,2025-03-23,Passed
2318,650,4,2025-03-25,Rejected
2319,651,1,2025-10-07,Passed
2320,651,2,2025-10-15,Passed
2321,651,3,2025-10-19,Passed
2322,651,4,2025-10-22,Passed
2323,651,5,2025-10-29,Rejected
2324,652,1,2025-03-15,Passed
2325,652,2,2025-03-17,Rejected
2326,653,1,2025-11-28,Passed
2327,653,2,2025-11-30,Passed
2328,653,3,2025-12-10,Passed
2329,653,4,2025-12-15,Rejected
2330,654,1,2025-10-11,Passed
2331,654,2,2025-10-21,Passed
2332,654,3,2025-10-26,Rejected
2333,655,1,2025-03-14,Passed
2334,655,2,2025-03-17,Passed
2335,655,3,2025-03-19,Rejected
2336,656,1,2025-01-03,Passed
2337,656,2,2025-01-04,Rejected
2338,657,1,2025-07-21,Passed
2339,657,2,2025-07-25,Passed
2340,657,3,2025-08-03,Passed
2341,657,4,2025-08-04,Rejected
2342,658,1,2025-02-13,Passed
2343,658,2,2025-02-18,Passed
2344,658,3,2025-02-19,Rejected
2345,659,1,2025-06-26,Passed
2346,659,2,2025-06-28,Passed
2347,659,3,2025-07-01,Passed
2348,659,4,2025-07-04,Rejected
2349,660,1,2025-11-27,Passed
2350,660,2,2025-11-29,Rejected
2351,661,1,2025-03-14,Passed
2352,661,2,2025-03-16,Passed
2353,661,3,2025-03-18,Passed
2354,661,4,2025-03-23,Rejected
2355,662,1,2025-04-24,Passed
2356,662,2,2025-04-27,Rejected
2357,663,1,2025-02-28,Passed
2358,663,2,2025-03-09,Passed
2359,663,3,2025-03-18,Passed
2360,663,4,2025-03-23,Rejected
2361,664,1,2025-10-18,Passed
2362,664,2,2025-10-21,Rejected
2363,665,1,2025-10-09,Passed
2364,665,2,2025-10-19,Passed
2365,665,3,2025-10-22,Passed
2366,665,4,2025-10-23,Rejected
2367,666,1,2025-10-09,Passed
2368,666,2,2025-10-14,Passed
2369,666,3,2025-10-19,Passed
2370,666,4,2025-10-24,Rejected
2371,667,1,2025-12-10,Passed
2372,667,2,2025-12-17,Passed
2373,667,3,2025-12-25,Passed
2374,667,4,2025-12-31,Passed
2375,667,5,2026-01-04,Passed
2376,667,6,2026-01-05,Rejected
2377,668,1,2025-02-20,Passed
2378,668,2,2025-02-26,Rejected
2379,669,1,2025-10-25,Passed
2380,669,2,2025-10-29,Passed
2381,669,3,2025-11-01,Passed
2382,669,4,2025-11-04,Rejected
2383,670,1,2025-07-02,Passed
2384,670,2,2025-07-08,Rejected
2385,671,1,2025-12-02,Passed
2386,671,2,2025-12-09,Passed
2387,671,3,2025-12-19,Passed
2388,671,4,2025-12-23,Rejected
2389,672,1,2025-05-26,Passed
2390,672,2,2025-05-29,Rejected
2391,673,1,2025-04-10,Passed
2392,673,2,2025-04-14,Rejected
2393,674,1,2025-08-19,Passed
2394,674,2,2025-08-24,Passed
2395,674,3,2025-08-27,Passed
2396,674,4,2025-09-02,Rejected
2397,675,1,2025-12-04,Passed
2398,675,2,2025-12-07,Passed
2399,675,3,2025-12-10,Passed
2400,675,4,2025-12-17,Passed
2401,675,5,2025-12-19,Rejected
2402,676,1,2025-10-27,Passed
2403,676,2,2025-10-29,Rejected
2404,677,1,2025-10-18,Passed
2405,677,2,2025-10-21,Passed
2406,677,3,2025-10-26,Passed
2407,677,4,2025-10-29,Passed
2408,677,5,2025-10-30,Rejected
2409,678,1,2025-06-11,Passed
2410,678,2,2025-06-17,Passed
2411,678,3,2025-06-26,Passed
2412,678,4,2025-07-03,Passed
2413,678,5,2025-07-10,Rejected
2414,679,1,2025-03-28,Passed
2415,679,2,2025-04-03,Passed
2416,679,3,2025-04-05,Passed
2417,679,4,2025-04-13,Passed
2418,679,5,2025-04-23,Passed
2419,679,6,2025-04-30,Rejected
2420,680,1,2025-05-07,Passed
2421,680,2,2025-05-11,Passed
2422,680,3,2025-05-21,Passed
2423,680,4,2025-05-27,Rejected
2424,681,1,2025-12-31,Passed
2425,681,2,2026-01-08,Passed
2426,681,3,2026-01-14,Passed
2427,681,4,2026-01-21,Passed
2428,681,5,2026-01-23,Rejected
2429,682,1,2025-08-12,Passed
2430,682,2,2025-08-20,Passed
2431,682,3,2025-08-22,Rejected
2432,683,1,2025-07-04,Passed
2433,683,2,2025-07-11,Passed
2434,683,3,2025-07-16,Rejected
2435,684,1,2025-06-19,Passed
2436,684,2,2025-06-27,Passed
2437,684,3,2025-07-02,Passed
2438,684,4,2025-07-05,Passed
2439,684,5,2025-07-09,Rejected
2440,685,1,2025-08-25,Passed
2441,685,2,2025-08-28,Passed
2442,685,3,2025-08-29,Rejected
2443,686,1,2025-06-06,Passed
2444,686,2,2025-06-09,Passed
2445,686,3,2025-06-11,Passed
2446,686,4,2025-06-17,Passed
2447,686,5,2025-06-21,Rejected
2448,687,1,2025-02-25,Passed
2449,687,2,2025-02-26,Rejected
2450,688,1,2025-11-07,Passed
2451,688,2,2025-11-11,Rejected
2452,689,1,2025-05-24,Passed
2453,689,2,2025-05-28,Passed
2454,689,3,2025-06-07,Passed
2455,689,4,2025-06-13,Rejected
2456,690,1,2025-03-13,Passed
2457,690,2,2025-03-19,Rejected
2458,691,1,2025-04-11,Passed
2459,691,2,2025-04-13,Passed
2460,691,3,2025-04-15,Passed
2461,691,4,2025-04-21,Rejected
2462,692,1,2025-11-17,Passed
2463,692,2,2025-11-24,Passed
2464,692,3,2025-12-04,Passed
2465,692,4,2025-12-05,Rejected
2466,693,1,2025-02-08,Passed
2467,693,2,2025-02-12,Passed
2468,693,3,2025-02-19,Rejected
2469,694,1,2025-09-17,Passed
2470,694,2,2025-09-22,Passed
2471,694,3,2025-09-29,Passed
2472,694,4,2025-10-04,Rejected
2473,695,1,2025-10-25,Passed
2474,695,2,2025-10-27,Passed
2475,695,3,2025-11-04,Passed
2476,695,4,2025-11-07,Passed
2477,695,5,2025-11-12,Passed
2478,695,6,2025-11-19,Rejected
2479,696,1,2025-10-30,Passed
2480,696,2,2025-11-02,Passed
2481,696,3,2025-11-11,Passed
2482,696,4,2025-11-16,Passed
2483,696,5,2025-11-24,Passed
2484,696,6,2025-11-30,Selected
2485,697,1,2025-01-19,Passed
2486,697,2,2025-01-25,Rejected
2487,698,1,2025-10-06,Passed
2488,698,2,2025-10-08,Passed
2489,698,3,2025-10-13,Rejected
2490,699,1,2025-08-30,Passed
2491,699,2,2025-08-31,Rejected
2492,700,1,2025-03-18,Passed
2493,700,2,2025-03-27,Passed
2494,700,3,2025-04-03,Passed
2495,700,4,2025-04-10,Passed
2496,700,5,2025-04-12,Rejected
2497,701,1,2025-04-25,Passed
2498,701,2,2025-04-27,Passed
2499,701,3,2025-05-06,Passed
2500,701,4,2025-05-16,Passed
2501,701,5,2025-05-18,Rejected
2502,702,1,2025-10-29,Passed
2503,702,2,2025-11-07,Passed
2504,702,3,2025-11-13,Passed
2505,702,4,2025-11-21,Passed
2506,702,5,2025-11-24,Rejected
2507,703,1,2025-05-29,Passed
2508,703,2,2025-06-02,Passed
2509,703,3,2025-06-08,Passed
2510,703,4,2025-06-17,Passed
2511,703,5,2025-06-21,Rejected
2512,704,1,2025-09-14,Passed
2513,704,2,2025-09-21,Passed
2514,704,3,2025-09-22,Rejected
2515,705,1,2025-07-23,Passed
2516,705,2,2025-07-28,Passed
2517,705,3,2025-08-03,Passed
2518,705,4,2025-08-11,Passed
2519,705,5,2025-08-14,Rejected
2520,706,1,2025-01-06,Passed
2521,706,2,2025-01-08,Rejected
2522,707,1,2025-11-11,Passed
2523,707,2,2025-11-20,Passed
2524,707,3,2025-11-23,Rejected
2525,708,1,2025-09-21,Passed
2526,708,2,2025-09-30,Passed
2527,708,3,2025-10-04,Passed
2528,708,4,2025-10-12,Passed
2529,708,5,2025-10-18,Rejected
2530,709,1,2025-03-23,Passed
2531,709,2,2025-03-27,Rejected
2532,710,1,2025-10-17,Passed
2533,710,2,2025-10-20,Passed
2534,710,3,2025-10-22,Rejected
2535,711,1,2025-03-16,Passed
2536,711,2,2025-03-26,Passed
2537,711,3,2025-03-31,Passed
2538,711,4,2025-04-07,Passed
2539,711,5,2025-04-12,Rejected
2540,712,1,2025-09-05,Passed
2541,712,2,2025-09-13,Passed
2542,712,3,2025-09-19,Passed
2543,712,4,2025-09-26,Rejected
2544,713,1,2025-01-21,Passed
2545,713,2,2025-01-25,Passed
2546,713,3,2025-01-27,Rejected
2547,714,1,2025-09-07,Passed
2548,714,2,2025-09-10,Passed
2549,714,3,2025-09-16,Rejected
2550,715,1,2025-05-16,Passed
2551,715,2,2025-05-24,Passed
2552,715,3,2025-05-27,Passed
2553,715,4,2025-06-01,Rejected
2554,716,1,2025-01-22,Passed
2555,716,2,2025-01-27,Passed
2556,716,3,2025-02-01,Rejected
2557,717,1,2025-09-23,Passed
2558,717,2,2025-09-27,Passed
2559,717,3,2025-10-01,Passed
2560,717,4,2025-10-07,Passed
2561,717,5,2025-10-09,Rejected
2562,718,1,2025-07-04,Passed
2563,718,2,2025-07-09,Passed
2564,718,3,2025-07-11,Passed
2565,718,4,2025-07-21,Passed
2566,718,5,2025-07-26,Passed
2567,718,6,2025-08-03,Selected
2568,719,1,2025-08-21,Passed
2569,719,2,2025-08-31,Passed
2570,719,3,2025-09-02,Passed
2571,719,4,2025-09-08,Passed
2572,719,5,2025-09-11,Rejected
2573,720,1,2025-01-21,Passed
2574,720,2,2025-01-26,Passed
2575,720,3,2025-01-28,Passed
2576,720,4,2025-01-30,Passed
2577,720,5,2025-02-06,Passed
2578,720,6,2025-02-15,Selected
2579,721,1,2025-09-24,Passed
2580,721,2,2025-09-27,Passed
2581,721,3,2025-10-03,Passed
2582,721,4,2025-10-06,Rejected
2583,722,1,2025-05-21,Passed
2584,722,2,2025-05-24,Passed
2585,722,3,2025-05-26,Passed
2586,722,4,2025-06-02,Rejected
2587,723,1,2025-05-15,Passed
2588,723,2,2025-05-18,Rejected
2589,724,1,2025-10-19,Passed
2590,724,2,2025-10-26,Passed
2591,724,3,2025-10-31,Rejected
2592,725,1,2025-12-01,Passed
2593,725,2,2025-12-08,Passed
2594,725,3,2025-12-14,Passed
2595,725,4,2025-12-22,Passed
2596,725,5,2025-12-25,Passed
2597,725,6,2025-12-28,Selected
2598,726,1,2025-10-28,Passed
2599,726,2,2025-11-02,Passed
2600,726,3,2025-11-11,Passed
2601,726,4,2025-11-12,Rejected
2602,727,1,2025-02-09,Passed
2603,727,2,2025-02-14,Rejected
2604,728,1,2025-07-12,Passed
2605,728,2,2025-07-21,Passed
2606,728,3,2025-07-23,Rejected
2607,729,1,2025-04-25,Passed
2608,729,2,2025-04-29,Passed
2609,729,3,2025-05-04,Passed
2610,729,4,2025-05-10,Passed
2611,729,5,2025-05-17,Rejected
2612,730,1,2025-06-30,Passed
2613,730,2,2025-07-05,Rejected
2614,731,1,2025-06-26,Passed
2615,731,2,2025-06-29,Rejected
2616,732,1,2025-09-04,Passed
2617,732,2,2025-09-07,Passed
2618,732,3,2025-09-08,Rejected
2619,733,1,2025-01-04,Passed
2620,733,2,2025-01-14,Passed
2621,733,3,2025-01-19,Rejected
2622,734,1,2025-03-13,Passed
2623,734,2,2025-03-15,Rejected
2624,735,1,2025-04-28,Passed
2625,735,2,2025-05-02,Passed
2626,735,3,2025-05-04,Passed
2627,735,4,2025-05-10,Rejected
2628,736,1,2025-11-26,Passed
2629,736,2,2025-12-04,Passed
2630,736,3,2025-12-14,Passed
2631,736,4,2025-12-15,Rejected
2632,737,1,2025-03-18,Passed
2633,737,2,2025-03-28,Passed
2634,737,3,2025-04-05,Passed
2635,737,4,2025-04-11,Passed
2636,737,5,2025-04-13,Passed
2637,737,6,2025-04-18,Selected
2638,738,1,2025-07-05,Passed
2639,738,2,2025-07-07,Passed
2640,738,3,2025-07-14,Rejected
2641,739,1,2025-03-02,Passed
2642,739,2,2025-03-12,Passed
2643,739,3,2025-03-17,Rejected
2644,740,1,2025-08-01,Passed
2645,740,2,2025-08-06,Passed
2646,740,3,2025-08-12,Passed
2647,740,4,2025-08-14,Rejected
2648,741,1,2025-02-28,Passed
2649,741,2,2025-03-10,Passed
2650,741,3,2025-03-12,Passed
2651,741,4,2025-03-15,Rejected
2652,742,1,2025-09-03,Passed
2653,742,2,2025-09-06,Rejected
2654,743,1,2025-10-30,Passed
2655,743,2,2025-10-31,Rejected
2656,744,1,2025-07-30,Passed
2657,744,2,2025-08-04,Passed
2658,744,3,2025-08-06,Rejected
2659,745,1,2025-01-23,Passed
2660,745,2,2025-01-25,Passed
2661,745,3,2025-01-31,Rejected
2662,746,1,2025-10-31,Passed
2663,746,2,2025-11-07,Passed
2664,746,3,2025-11-17,Passed
2665,746,4,2025-11-21,Passed
2666,746,5,2025-11-26,Rejected
2667,747,1,2025-11-19,Passed
2668,747,2,2025-11-21,Passed
2669,747,3,2025-11-22,Rejected
2670,748,1,2025-10-21,Passed
2671,748,2,2025-10-23,Rejected
2672,749,1,2025-03-27,Passed
2673,749,2,2025-04-02,Passed
2674,749,3,2025-04-04,Passed
2675,749,4,2025-04-11,Rejected
2676,750,1,2025-04-03,Passed
2677,750,2,2025-04-06,Passed
2678,750,3,2025-04-12,Rejected
2679,751,1,2025-11-23,Passed
2680,751,2,2025-11-29,Passed
2681,751,3,2025-12-05,Rejected
2682,752,1,2025-12-05,Passed
2683,752,2,2025-12-10,Passed
2684,752,3,2025-12-12,Rejected
2685,753,1,2025-02-13,Passed
2686,753,2,2025-02-18,Passed
2687,753,3,2025-02-26,Passed
2688,753,4,2025-03-03,Passed
2689,753,5,2025-03-07,Rejected
2690,754,1,2025-11-07,Passed
2691,754,2,2025-11-16,Passed
2692,754,3,2025-11-20,Passed
2693,754,4,2025-11-24,Passed
2694,754,5,2025-12-03,Passed
2695,754,6,2025-12-05,Rejected
2696,755,1,2025-09-04,Passed
2697,755,2,2025-09-06,Passed
2698,755,3,2025-09-10,Passed
2699,755,4,2025-09-16,Rejected
2700,756,1,2025-07-30,Passed
2701,756,2,2025-08-02,Passed
2702,756,3,2025-08-10,Passed
2703,756,4,2025-08-18,Passed
2704,756,5,2025-08-28,Passed
2705,756,6,2025-08-30,Selected
2706,757,1,2025-10-26,Passed
2707,757,2,2025-11-03,Passed
2708,757,3,2025-11-06,Passed
2709,757,4,2025-11-13,Rejected
2710,758,1,2025-04-04,Passed
2711,758,2,2025-04-05,Rejected
2712,759,1,2025-09-19,Passed
2713,759,2,2025-09-22,Passed
2714,759,3,2025-09-24,Passed
2715,759,4,2025-09-25,Rejected
2716,760,1,2025-12-18,Passed
2717,760,2,2025-12-19,Rejected
2718,761,1,2025-08-21,Passed
2719,761,2,2025-08-28,Passed
2720,761,3,2025-08-29,Rejected
2721,762,1,2025-02-05,Passed
2722,762,2,2025-02-14,Passed
2723,762,3,2025-02-18,Rejected
2724,763,1,2025-07-17,Passed
2725,763,2,2025-07-20,Rejected
2726,764,1,2025-01-09,Passed
2727,764,2,2025-01-13,Passed
2728,764,3,2025-01-23,Passed
2729,764,4,2025-01-29,Rejected
2730,765,1,2025-09-16,Passed
2731,765,2,2025-09-18,Passed
2732,765,3,2025-09-19,Rejected
2733,766,1,2025-03-18,Passed
2734,766,2,2025-03-21,Passed
2735,766,3,2025-03-29,Passed
2736,766,4,2025-04-03,Passed
2737,766,5,2025-04-11,Passed
2738,766,6,2025-04-14,Rejected
2739,767,1,2025-04-01,Passed
2740,767,2,2025-04-06,Passed
2741,767,3,2025-04-12,Rejected
2742,768,1,2025-11-11,Passed
2743,768,2,2025-11-14,Passed
2744,768,3,2025-11-17,Passed
2745,768,4,2025-11-23,Passed
2746,768,5,2025-11-30,Passed
2747,768,6,2025-12-03,Selected
2748,769,1,2025-09-30,Passed
2749,769,2,2025-10-05,Rejected
2750,770,1,2025-03-02,Passed
2751,770,2,2025-03-10,Passed
2752,770,3,2025-03-14,Passed
2753,770,4,2025-03-16,Rejected
2754,771,1,2025-12-04,Passed
2755,771,2,2025-12-10,Rejected
2756,772,1,2025-11-05,Passed
2757,772,2,2025-11-11,Passed
2758,772,3,2025-11-14,Passed
2759,772,4,2025-11-23,Passed
2760,772,5,2025-11-26,Rejected
2761,773,1,2025-01-01,Passed
2762,773,2,2025-01-07,Rejected
2763,774,1,2025-12-14,Passed
2764,774,2,2025-12-21,Rejected
2765,775,1,2025-09-25,Passed
2766,775,2,2025-09-29,Passed
2767,775,3,2025-10-01,Rejected
2768,776,1,2025-08-08,Passed
2769,776,2,2025-08-16,Passed
2770,776,3,2025-08-25,Passed
2771,776,4,2025-08-26,Rejected
2772,777,1,2025-09-04,Passed
2773,777,2,2025-09-10,Passed
2774,777,3,2025-09-17,Passed
2775,777,4,2025-09-19,Rejected
2776,778,1,2025-07-15,Passed
2777,778,2,2025-07-22,Passed
2778,778,3,2025-07-30,Passed
2779,778,4,2025-08-03,Rejected
2780,779,1,2025-12-23,Passed
2781,779,2,2025-12-30,Passed
2782,779,3,2026-01-04,Passed
2783,779,4,2026-01-14,Passed
2784,779,5,2026-01-19,Rejected
2785,780,1,2025-08-06,Passed
2786,780,2,2025-08-16,Passed
2787,780,3,2025-08-20,Rejected
2788,781,1,2025-09-02,Passed
2789,781,2,2025-09-10,Passed
2790,781,3,2025-09-15,Passed
2791,781,4,2025-09-17,Rejected
2792,782,1,2025-02-12,Passed
2793,782,2,2025-02-17,Passed
2794,782,3,2025-02-18,Rejected
2795,783,1,2025-10-06,Passed
2796,783,2,2025-10-15,Passed
2797,783,3,2025-10-16,Rejected
2798,784,1,2025-04-07,Passed
2799,784,2,2025-04-14,Passed
2800,784,3,2025-04-18,Passed
2801,784,4,2025-04-22,Passed
2802,784,5,2025-04-27,Rejected
2803,785,1,2025-01-04,Passed
2804,785,2,2025-01-08,Rejected
2805,786,1,2025-03-02,Passed
2806,786,2,2025-03-07,Passed
2807,786,3,2025-03-11,Passed
2808,786,4,2025-03-15,Passed
2809,786,5,2025-03-16,Rejected
2810,787,1,2025-07-12,Passed
2811,787,2,2025-07-20,Passed
2812,787,3,2025-07-23,Passed
2813,787,4,2025-07-24,Rejected
2814,788,1,2025-12-19,Passed
2815,788,2,2025-12-23,Passed
2816,788,3,2025-12-30,Passed
2817,788,4,2026-01-04,Passed
2818,788,5,2026-01-12,Passed
2819,788,6,2026-01-16,Selected
2820,789,1,2025-07-29,Passed
2821,789,2,2025-08-02,Passed
2822,789,3,2025-08-08,Rejected
2823,790,1,2025-03-21,Passed
2824,790,2,2025-03-25,Rejected
2825,791,1,2025-10-27,Passed
2826,791,2,2025-11-03,Passed
2827,791,3,2025-11-05,Passed
2828,791,4,2025-11-09,Passed
2829,791,5,2025-11-11,Passed
2830,791,6,2025-11-13,Rejected
2831,792,1,2025-10-02,Passed
2832,792,2,2025-10-04,Passed
2833,792,3,2025-10-12,Passed
2834,792,4,2025-10-16,Rejected
2835,793,1,2025-07-07,Passed
2836,793,2,2025-07-13,Passed
2837,793,3,2025-07-18,Rejected
2838,794,1,2025-12-15,Passed
2839,794,2,2025-12-20,Passed
2840,794,3,2025-12-24,Passed
2841,794,4,2025-12-27,Passed
2842,794,5,2025-12-29,Rejected
2843,795,1,2025-04-15,Passed
2844,795,2,2025-04-23,Passed
2845,795,3,2025-04-28,Passed
2846,795,4,2025-05-08,Passed
2847,795,5,2025-05-09,Rejected
2848,796,1,2025-10-13,Passed
2849,796,2,2025-10-17,Rejected
2850,797,1,2025-07-09,Passed
2851,797,2,2025-07-17,Passed
2852,797,3,2025-07-19,Rejected
2853,798,1,2025-09-05,Passed
2854,798,2,2025-09-12,Passed
2855,798,3,2025-09-14,Rejected
2856,799,1,2025-10-23,Passed
2857,799,2,2025-10-26,Passed
2858,799,3,2025-11-02,Passed
2859,799,4,2025-11-08,Passed
2860,799,5,2025-11-11,Passed
2861,799,6,2025-11-13,Selected
2862,800,1,2025-12-28,Passed
2863,800,2,2026-01-03,Passed
2864,800,3,2026-01-08,Passed
2865,800,4,2026-01-09,Rejected
2866,801,1,2025-03-12,Passed
2867,801,2,2025-03-15,Passed
2868,801,3,2025-03-20,Rejected
2869,802,1,2025-12-04,Passed
2870,802,2,2025-12-13,Passed
2871,802,3,2025-12-20,Passed
2872,802,4,2025-12-26,Passed
2873,802,5,2026-01-02,Passed
2874,802,6,2026-01-06,Rejected
2875,803,1,2025-04-28,Passed
2876,803,2,2025-05-05,Passed
2877,803,3,2025-05-11,Rejected
2878,804,1,2025-12-25,Passed
2879,804,2,2025-12-29,Passed
2880,804,3,2025-12-30,Rejected
2881,805,1,2025-02-21,Passed
2882,805,2,2025-03-03,Passed
2883,805,3,2025-03-07,Passed
2884,805,4,2025-03-15,Passed
2885,805,5,2025-03-22,Rejected
2886,806,1,2025-07-25,Passed
2887,806,2,2025-07-28,Rejected
2888,807,1,2025-10-09,Passed
2889,807,2,2025-10-18,Passed
2890,807,3,2025-10-21,Passed
2891,807,4,2025-10-23,Rejected
2892,808,1,2025-12-17,Passed
2893,808,2,2025-12-24,Rejected
2894,809,1,2025-03-24,Passed
2895,809,2,2025-03-28,Passed
2896,809,3,2025-03-30,Rejected
2897,810,1,2025-01-03,Passed
2898,810,2,2025-01-08,Rejected
2899,811,1,2025-03-16,Passed
2900,811,2,2025-03-26,Passed
2901,811,3,2025-03-29,Rejected
2902,812,1,2025-11-04,Passed
2903,812,2,2025-11-08,Passed
2904,812,3,2025-11-15,Passed
2905,812,4,2025-11-19,Rejected
2906,813,1,2025-02-02,Passed
2907,813,2,2025-02-10,Passed
2908,813,3,2025-02-13,Passed
2909,813,4,2025-02-18,Rejected
2910,814,1,2025-07-09,Passed
2911,814,2,2025-07-18,Passed
2912,814,3,2025-07-20,Passed
2913,814,4,2025-07-26,Passed
2914,814,5,2025-08-02,Rejected
2915,815,1,2025-01-20,Passed
2916,815,2,2025-01-21,Rejected
2917,816,1,2025-07-25,Passed
2918,816,2,2025-08-03,Passed
2919,816,3,2025-08-09,Passed
2920,816,4,2025-08-15,Passed
2921,816,5,2025-08-18,Rejected
2922,817,1,2025-09-24,Passed
2923,817,2,2025-09-28,Passed
2924,817,3,2025-10-02,Rejected
2925,818,1,2025-11-02,Passed
2926,818,2,2025-11-11,Passed
2927,818,3,2025-11-18,Rejected
2928,819,1,2025-03-31,Passed
2929,819,2,2025-04-06,Rejected
2930,820,1,2025-08-13,Passed
2931,820,2,2025-08-14,Rejected
2932,821,1,2025-12-03,Passed
2933,821,2,2025-12-07,Rejected
2934,822,1,2025-09-23,Passed
2935,822,2,2025-09-29,Passed
2936,822,3,2025-10-03,Passed
2937,822,4,2025-10-13,Passed
2938,822,5,2025-10-16,Rejected
2939,823,1,2025-01-18,Passed
2940,823,2,2025-01-26,Passed
2941,823,3,2025-02-01,Passed
2942,823,4,2025-02-07,Rejected
2943,824,1,2025-09-19,Passed
2944,824,2,2025-09-21,Passed
2945,824,3,2025-09-23,Rejected
2946,825,1,2025-04-29,Passed
2947,825,2,2025-05-09,Passed
2948,825,3,2025-05-12,Passed
2949,825,4,2025-05-16,Passed
2950,825,5,2025-05-23,Rejected
2951,826,1,2025-12-12,Passed
2952,826,2,2025-12-20,Passed
2953,826,3,2025-12-26,Rejected
2954,827,1,2025-05-03,Passed
2955,827,2,2025-05-12,Passed
2956,827,3,2025-05-22,Passed
2957,827,4,2025-05-26,Rejected
2958,828,1,2025-03-22,Passed
2959,828,2,2025-03-26,Passed
2960,828,3,2025-03-30,Rejected
2961,829,1,2025-07-24,Passed
2962,829,2,2025-07-29,Passed
2963,829,3,2025-08-01,Passed
2964,829,4,2025-08-10,Passed
2965,829,5,2025-08-19,Passed
2966,829,6,2025-08-28,Selected
2967,830,1,2025-07-22,Passed
2968,830,2,2025-07-26,Passed
2969,830,3,2025-07-28,Rejected
2970,831,1,2025-04-13,Passed
2971,831,2,2025-04-20,Passed
2972,831,3,2025-04-28,Passed
2973,831,4,2025-05-05,Passed
2974,831,5,2025-05-09,Rejected
2975,832,1,2025-12-27,Passed
2976,832,2,2026-01-01,Passed
2977,832,3,2026-01-08,Rejected
2978,833,1,2025-02-16,Passed
2979,833,2,2025-02-22,Passed
2980,833,3,2025-02-26,Passed
2981,833,4,2025-03-01,Passed
2982,833,5,2025-03-04,Passed
2983,833,6,2025-03-10,Rejected
2984,834,1,2025-10-14,Passed
2985,834,2,2025-10-22,Passed
2986,834,3,2025-10-28,Passed
2987,834,4,2025-10-30,Passed
2988,834,5,2025-11-07,Passed
2989,834,6,2025-11-14,Rejected
2990,835,1,2025-06-28,Passed
2991,835,2,2025-07-03,Passed
2992,835,3,2025-07-11,Passed
2993,835,4,2025-07-16,Rejected
2994,836,1,2025-05-22,Passed
2995,836,2,2025-05-26,Passed
2996,836,3,2025-05-30,Rejected
2997,837,1,2025-04-10,Passed
2998,837,2,2025-04-18,Passed
2999,837,3,2025-04-23,Rejected
3000,838,1,2025-07-26,Passed
3001,838,2,2025-07-31,Rejected
3002,839,1,2025-05-14,Passed
3003,839,2,2025-05-18,Passed
3004,839,3,2025-05-25,Passed
3005,839,4,2025-06-03,Passed
3006,839,5,2025-06-07,Rejected
3007,840,1,2025-09-17,Passed
3008,840,2,2025-09-18,Rejected
3009,841,1,2025-02-07,Passed
3010,841,2,2025-02-13,Rejected
3011,842,1,2025-06-24,Passed
3012,842,2,2025-07-04,Passed
3013,842,3,2025-07-08,Rejected
3014,843,1,2025-09-20,Passed
3015,843,2,2025-09-27,Rejected
3016,844,1,2025-10-03,Passed
3017,844,2,2025-10-12,Passed
3018,844,3,2025-10-17,Rejected
3019,845,1,2025-10-22,Passed
3020,845,2,2025-10-27,Passed
3021,845,3,2025-10-29,Rejected
3022,846,1,2025-08-15,Passed
3023,846,2,2025-08-25,Passed
3024,846,3,2025-08-30,Rejected
3025,847,1,2025-10-16,Passed
3026,847,2,2025-10-23,Passed
3027,847,3,2025-10-28,Passed
3028,847,4,2025-11-02,Rejected
3029,848,1,2025-05-05,Passed
3030,848,2,2025-05-08,Rejected
3031,849,1,2025-08-23,Passed
3032,849,2,2025-08-24,Rejected
3033,850,1,2025-10-28,Passed
3034,850,2,2025-11-03,Passed
3035,850,3,2025-11-06,Passed
3036,850,4,2025-11-12,Rejected
3037,851,1,2025-09-04,Passed
3038,851,2,2025-09-08,Rejected
3039,852,1,2025-02-04,Passed
3040,852,2,2025-02-11,Passed
3041,852,3,2025-02-15,Rejected
3042,853,1,2025-04-23,Passed
3043,853,2,2025-04-30,Passed
3044,853,3,2025-05-04,Passed
3045,853,4,2025-05-11,Passed
3046,853,5,2025-05-15,Passed
3047,853,6,2025-05-19,Rejected
3048,854,1,2025-04-28,Passed
3049,854,2,2025-05-06,Passed
3050,854,3,2025-05-12,Rejected
3051,855,1,2025-07-31,Passed
3052,855,2,2025-08-03,Passed
3053,855,3,2025-08-10,Rejected
3054,856,1,2025-09-22,Passed
3055,856,2,2025-09-23,Rejected
3056,857,1,2025-12-25,Passed
3057,857,2,2026-01-02,Passed
3058,857,3,2026-01-12,Passed
3059,857,4,2026-01-21,Passed
3060,857,5,2026-01-28,Rejected
3061,858,1,2025-05-08,Passed
3062,858,2,2025-05-14,Passed
3063,858,3,2025-05-16,Rejected
3064,859,1,2025-07-24,Passed
3065,859,2,2025-08-02,Passed
3066,859,3,2025-08-05,Passed
3067,859,4,2025-08-14,Passed
3068,859,5,2025-08-17,Rejected
3069,860,1,2025-06-25,Passed
3070,860,2,2025-06-29,Rejected
3071,861,1,2025-04-02,Passed
3072,861,2,2025-04-10,Passed
3073,861,3,2025-04-17,Passed
3074,861,4,2025-04-22,Rejected
3075,862,1,2025-07-01,Passed
3076,862,2,2025-07-07,Passed
3077,862,3,2025-07-15,Passed
3078,862,4,2025-07-16,Rejected
3079,863,1,2025-10-21,Passed
3080,863,2,2025-10-25,Rejected
3081,864,1,2025-12-16,Passed
3082,864,2,2025-12-18,Passed
3083,864,3,2025-12-25,Passed
3084,864,4,2025-12-30,Rejected
3085,865,1,2025-04-08,Passed
3086,865,2,2025-04-13,Rejected
3087,866,1,2025-04-13,Passed
3088,866,2,2025-04-17,Passed
3089,866,3,2025-04-21,Rejected
3090,867,1,2025-05-04,Passed
3091,867,2,2025-05-12,Passed
3092,867,3,2025-05-20,Passed
3093,867,4,2025-05-27,Rejected
3094,868,1,2025-04-16,Passed
3095,868,2,2025-04-20,Rejected
3096,869,1,2025-05-08,Passed
3097,869,2,2025-05-16,Passed
3098,869,3,2025-05-18,Rejected
3099,870,1,2025-07-02,Passed
3100,870,2,2025-07-09,Passed
3101,870,3,2025-07-17,Passed
3102,870,4,2025-07-21,Passed
3103,870,5,2025-07-27,Rejected
3104,871,1,2025-02-24,Passed
3105,871,2,2025-03-04,Passed
3106,871,3,2025-03-10,Rejected
3107,872,1,2025-02-10,Passed
3108,872,2,2025-02-17,Rejected
3109,873,1,2025-09-10,Passed
3110,873,2,2025-09-17,Passed
3111,873,3,2025-09-20,Passed
3112,873,4,2025-09-22,Passed
3113,873,5,2025-09-27,Rejected
3114,874,1,2025-10-05,Passed
3115,874,2,2025-10-15,Passed
3116,874,3,2025-10-16,Rejected
3117,875,1,2025-07-10,Passed
3118,875,2,2025-07-12,Passed
3119,875,3,2025-07-14,Rejected
3120,876,1,2025-09-10,Passed
3121,876,2,2025-09-16,Rejected
3122,877,1,2025-10-22,Passed
3123,877,2,2025-10-29,Passed
3124,877,3,2025-11-03,Passed
3125,877,4,2025-11-13,Passed
3126,877,5,2025-11-19,Rejected
3127,878,1,2025-09-09,Passed
3128,878,2,2025-09-16,Rejected
3129,879,1,2025-09-19,Passed
3130,879,2,2025-09-25,Passed
3131,879,3,2025-09-28,Rejected
3132,880,1,2025-04-24,Passed
3133,880,2,2025-04-28,Passed
3134,880,3,2025-05-04,Rejected
3135,881,1,2025-03-07,Passed
3136,881,2,2025-03-14,Rejected
3137,882,1,2025-08-05,Passed
3138,882,2,2025-08-14,Passed
3139,882,3,2025-08-15,Rejected
3140,883,1,2025-01-17,Passed
3141,883,2,2025-01-23,Passed
3142,883,3,2025-01-27,Passed
3143,883,4,2025-02-05,Passed
3144,883,5,2025-02-12,Rejected
3145,884,1,2025-07-21,Passed
3146,884,2,2025-07-24,Passed
3147,884,3,2025-07-26,Passed
3148,884,4,2025-08-04,Passed
3149,884,5,2025-08-05,Rejected
3150,885,1,2025-03-31,Passed
3151,885,2,2025-04-08,Passed
3152,885,3,2025-04-15,Passed
3153,885,4,2025-04-19,Rejected
3154,886,1,2025-12-24,Passed
3155,886,2,2025-12-26,Rejected
3156,887,1,2025-06-11,Passed
3157,887,2,2025-06-15,Passed
3158,887,3,2025-06-21,Rejected
3159,888,1,2025-01-07,Passed
3160,888,2,2025-01-09,Passed
3161,888,3,2025-01-16,Passed
3162,888,4,2025-01-20,Rejected
3163,889,1,2025-07-14,Passed
3164,889,2,2025-07-19,Rejected
3165,890,1,2025-11-10,Passed
3166,890,2,2025-11-14,Passed
3167,890,3,2025-11-20,Passed
3168,890,4,2025-11-22,Rejected
3169,891,1,2025-04-06,Passed
3170,891,2,2025-04-16,Passed
3171,891,3,2025-04-26,Passed
3172,891,4,2025-04-28,Rejected
3173,892,1,2025-08-30,Passed
3174,892,2,2025-08-31,Rejected
3175,893,1,2025-06-25,Passed
3176,893,2,2025-06-26,Rejected
3177,894,1,2025-09-13,Passed
3178,894,2,2025-09-18,Passed
3179,894,3,2025-09-22,Passed
3180,894,4,2025-10-01,Passed
3181,894,5,2025-10-04,Passed
3182,894,6,2025-10-09,Rejected
3183,895,1,2025-08-03,Passed
3184,895,2,2025-08-12,Passed
3185,895,3,2025-08-16,Rejected
3186,896,1,2025-07-10,Passed
3187,896,2,2025-07-18,Passed
3188,896,3,2025-07-21,Rejected
3189,897,1,2025-07-25,Passed
3190,897,2,2025-07-31,Passed
3191,897,3,2025-08-01,Rejected
3192,898,1,2025-04-03,Passed
3193,898,2,2025-04-09,Passed
3194,898,3,2025-04-14,Passed
3195,898,4,2025-04-18,Rejected
3196,899,1,2025-10-22,Passed
3197,899,2,2025-10-31,Passed
3198,899,3,2025-11-06,Passed
3199,899,4,2025-11-11,Rejected
3200,900,1,2025-02-21,Passed
3201,900,2,2025-03-01,Passed
3202,900,3,2025-03-08,Passed
3203,900,4,2025-03-11,Passed
3204,900,5,2025-03-12,Rejected
3205,901,1,2025-05-01,Passed
3206,901,2,2025-05-04,Rejected
3207,902,1,2025-07-15,Passed
3208,902,2,2025-07-21,Passed
3209,902,3,2025-07-31,Passed
3210,902,4,2025-08-02,Passed
3211,902,5,2025-08-09,Passed
3212,902,6,2025-08-11,Rejected
3213,903,1,2025-03-18,Passed
3214,903,2,2025-03-21,Passed
3215,903,3,2025-03-28,Passed
3216,903,4,2025-04-04,Passed
3217,903,5,2025-04-11,Passed
3218,903,6,2025-04-17,Rejected
3219,904,1,2025-01-05,Passed
3220,904,2,2025-01-14,Passed
3221,904,3,2025-01-21,Passed
3222,904,4,2025-01-26,Rejected
3223,905,1,2025-09-13,Passed
3224,905,2,2025-09-19,Passed
3225,905,3,2025-09-29,Passed
3226,905,4,2025-10-09,Passed
3227,905,5,2025-10-12,Passed
3228,905,6,2025-10-18,Rejected
3229,906,1,2025-11-19,Passed
3230,906,2,2025-11-27,Passed
3231,906,3,2025-12-04,Passed
3232,906,4,2025-12-06,Passed
3233,906,5,2025-12-10,Rejected
3234,907,1,2025-06-11,Passed
3235,907,2,2025-06-17,Passed
3236,907,3,2025-06-20,Passed
3237,907,4,2025-06-27,Passed
3238,907,5,2025-06-29,Rejected
3239,908,1,2025-06-03,Passed
3240,908,2,2025-06-09,Passed
3241,908,3,2025-06-11,Passed
3242,908,4,2025-06-14,Rejected
3243,909,1,2025-10-18,Passed
3244,909,2,2025-10-26,Passed
3245,909,3,2025-11-05,Passed
3246,909,4,2025-11-06,Rejected
3247,910,1,2025-02-20,Passed
3248,910,2,2025-02-22,Passed
3249,910,3,2025-02-25,Passed
3250,910,4,2025-03-01,Rejected
3251,911,1,2025-01-31,Passed
3252,911,2,2025-02-06,Passed
3253,911,3,2025-02-13,Passed
3254,911,4,2025-02-23,Passed
3255,911,5,2025-02-27,Rejected
3256,912,1,2025-05-11,Passed
3257,912,2,2025-05-19,Passed
3258,912,3,2025-05-28,Passed
3259,912,4,2025-06-03,Rejected
3260,913,1,2025-11-19,Passed
3261,913,2,2025-11-20,Rejected
3262,914,1,2025-06-21,Passed
3263,914,2,2025-06-26,Rejected
3264,915,1,2025-07-04,Passed
3265,915,2,2025-07-09,Passed
3266,915,3,2025-07-11,Passed
3267,915,4,2025-07-18,Passed
3268,915,5,2025-07-24,Rejected
3269,916,1,2025-05-12,Passed
3270,916,2,2025-05-16,Passed
3271,916,3,2025-05-23,Passed
3272,916,4,2025-05-28,Rejected
3273,917,1,2025-07-30,Passed
3274,917,2,2025-08-05,Rejected
3275,918,1,2025-12-14,Passed
3276,918,2,2025-12-17,Rejected
3277,919,1,2025-04-12,Passed
3278,919,2,2025-04-13,Rejected
3279,920,1,2025-11-29,Passed
3280,920,2,2025-12-05,Passed
3281,920,3,2025-12-12,Passed
3282,920,4,2025-12-19,Rejected
3283,921,1,2025-03-31,Passed
3284,921,2,2025-04-03,Rejected
3285,922,1,2025-07-01,Passed
3286,922,2,2025-07-05,Passed
3287,922,3,2025-07-08,Passed
3288,922,4,2025-07-12,Passed
3289,922,5,2025-07-19,Rejected
3290,923,1,2025-09-19,Passed
3291,923,2,2025-09-23,Rejected
3292,924,1,2025-08-17,Passed
3293,924,2,2025-08-20,Passed
3294,924,3,2025-08-25,Passed
3295,924,4,2025-08-31,Rejected
3296,925,1,2025-07-15,Passed
3297,925,2,2025-07-21,Passed
3298,925,3,2025-07-30,Passed
3299,925,4,2025-08-05,Passed
3300,925,5,2025-08-11,Rejected
3301,926,1,2025-08-26,Passed
3302,926,2,2025-09-05,Passed
3303,926,3,2025-09-07,Rejected
3304,927,1,2025-03-27,Passed
3305,927,2,2025-04-01,Passed
3306,927,3,2025-04-02,Rejected
3307,928,1,2025-06-22,Passed
3308,928,2,2025-06-23,Rejected
3309,929,1,2025-11-10,Passed
3310,929,2,2025-11-15,Passed
3311,929,3,2025-11-23,Passed
3312,929,4,2025-11-26,Passed
3313,929,5,2025-12-06,Passed
3314,929,6,2025-12-09,Rejected
3315,930,1,2025-02-06,Passed
3316,930,2,2025-02-12,Passed
3317,930,3,2025-02-18,Rejected
3318,931,1,2025-06-25,Passed
3319,931,2,2025-07-05,Passed
3320,931,3,2025-07-09,Passed
3321,931,4,2025-07-16,Passed
3322,931,5,2025-07-20,Rejected
3323,932,1,2025-06-12,Passed
3324,932,2,2025-06-17,Rejected
3325,933,1,2025-12-30,Passed
3326,933,2,2026-01-07,Passed
3327,933,3,2026-01-13,Passed
3328,933,4,2026-01-19,Passed
3329,933,5,2026-01-24,Rejected
3330,934,1,2025-11-27,Passed
3331,934,2,2025-12-01,Passed
3332,934,3,2025-12-04,Passed
3333,934,4,2025-12-06,Rejected
3334,935,1,2025-08-16,Passed
3335,935,2,2025-08-25,Passed
3336,935,3,2025-08-27,Passed
3337,935,4,2025-09-06,Passed
3338,935,5,2025-09-09,Rejected
3339,936,1,2025-07-05,Passed
3340,936,2,2025-07-15,Passed
3341,936,3,2025-07-23,Passed
3342,936,4,2025-07-31,Passed
3343,936,5,2025-08-05,Rejected
3344,937,1,2025-09-24,Passed
3345,937,2,2025-10-03,Passed
3346,937,3,2025-10-06,Passed
3347,937,4,2025-10-14,Passed
3348,937,5,2025-10-18,Rejected
3349,938,1,2025-07-31,Passed
3350,938,2,2025-08-05,Passed
3351,938,3,2025-08-11,Passed
3352,938,4,2025-08-15,Rejected
3353,939,1,2025-01-12,Passed
3354,939,2,2025-01-15,Passed
3355,939,3,2025-01-21,Rejected
3356,940,1,2025-05-01,Passed
3357,940,2,2025-05-04,Passed
3358,940,3,2025-05-06,Passed
3359,940,4,2025-05-11,Rejected
3360,941,1,2025-12-25,Passed
3361,941,2,2025-12-28,Passed
3362,941,3,2026-01-03,Passed
3363,941,4,2026-01-11,Passed
3364,941,5,2026-01-12,Rejected
3365,942,1,2025-04-18,Passed
3366,942,2,2025-04-24,Passed
3367,942,3,2025-04-28,Passed
3368,942,4,2025-05-01,Rejected
3369,943,1,2025-02-22,Passed
3370,943,2,2025-02-28,Passed
3371,943,3,2025-03-01,Rejected
3372,944,1,2025-08-31,Passed
3373,944,2,2025-09-09,Passed
3374,944,3,2025-09-16,Rejected
3375,945,1,2025-01-14,Passed
3376,945,2,2025-01-16,Rejected
3377,946,1,2025-09-26,Passed
3378,946,2,2025-09-29,Passed
3379,946,3,2025-10-06,Passed
3380,946,4,2025-10-08,Rejected
3381,947,1,2025-02-23,Passed
3382,947,2,2025-03-01,Rejected
3383,948,1,2025-03-21,Passed
3384,948,2,2025-03-28,Passed
3385,948,3,2025-04-03,Passed
3386,948,4,2025-04-05,Rejected
3387,949,1,2025-07-19,Passed
3388,949,2,2025-07-21,Passed
3389,949,3,2025-07-30,Passed
3390,949,4,2025-08-03,Rejected
3391,950,1,2025-05-07,Passed
3392,950,2,2025-05-11,Rejected
3393,951,1,2025-08-15,Passed
3394,951,2,2025-08-17,Passed
3395,951,3,2025-08-23,Passed
3396,951,4,2025-08-28,Rejected
3397,952,1,2025-03-09,Passed
3398,952,2,2025-03-13,Passed
3399,952,3,2025-03-14,Rejected
3400,953,1,2025-03-29,Passed
3401,953,2,2025-04-05,Passed
3402,953,3,2025-04-12,Passed
3403,953,4,2025-04-15,Rejected
3404,954,1,2025-12-06,Passed
3405,954,2,2025-12-12,Passed
3406,954,3,2025-12-14,Passed
3407,954,4,2025-12-17,Rejected
3408,955,1,2025-06-16,Passed
3409,955,2,2025-06-26,Passed
3410,955,3,2025-07-03,Rejected
3411,956,1,2025-08-28,Passed
3412,956,2,2025-09-04,Rejected
3413,957,1,2025-10-04,Passed
3414,957,2,2025-10-07,Passed
3415,957,3,2025-10-17,Passed
3416,957,4,2025-10-18,Rejected
3417,958,1,2025-10-08,Passed
3418,958,2,2025-10-16,Passed
3419,958,3,2025-10-22,Rejected
3420,959,1,2025-12-24,Passed
3421,959,2,2025-12-27,Rejected
3422,960,1,2025-10-30,Passed
3423,960,2,2025-11-04,Passed
3424,960,3,2025-11-12,Passed
3425,960,4,2025-11-15,Passed
3426,960,5,2025-11-23,Passed
3427,960,6,2025-11-26,Rejected
3428,961,1,2025-11-20,Passed
3429,961,2,2025-11-26,Rejected
3430,962,1,2025-10-16,Passed
3431,962,2,2025-10-25,Passed
3432,962,3,2025-10-30,Rejected
3433,963,1,2025-11-24,Passed
3434,963,2,2025-12-01,Passed
3435,963,3,2025-12-05,Rejected
3436,964,1,2025-06-08,Passed
3437,964,2,2025-06-14,Passed
3438,964,3,2025-06-16,Passed
3439,964,4,2025-06-22,Rejected
3440,965,1,2025-09-04,Passed
3441,965,2,2025-09-07,Passed
3442,965,3,2025-09-16,Passed
3443,965,4,2025-09-23,Rejected
3444,966,1,2025-02-15,Passed
3445,966,2,2025-02-18,Rejected
3446,967,1,2025-07-07,Passed
3447,967,2,2025-07-09,Passed
3448,967,3,2025-07-13,Passed
3449,967,4,2025-07-17,Passed
3450,967,5,2025-07-20,Rejected
3451,968,1,2025-03-21,Passed
3452,968,2,2025-03-25,Passed
3453,968,3,2025-03-31,Passed
3454,968,4,2025-04-06,Passed
3455,968,5,2025-04-08,Passed
3456,968,6,2025-04-11,Selected
3457,969,1,2025-01-01,Passed
3458,969,2,2025-01-07,Passed
3459,969,3,2025-01-14,Passed
3460,969,4,2025-01-15,Rejected
3461,970,1,2025-03-11,Passed
3462,970,2,2025-03-15,Passed
3463,970,3,2025-03-21,Passed
3464,970,4,2025-03-26,Rejected
3465,971,1,2025-08-29,Passed
3466,971,2,2025-09-08,Passed
3467,971,3,2025-09-11,Passed
3468,971,4,2025-09-13,Rejected
3469,972,1,2025-09-02,Passed
3470,972,2,2025-09-04,Rejected
3471,973,1,2025-08-09,Passed
3472,973,2,2025-08-12,Passed
3473,973,3,2025-08-14,Passed
3474,973,4,2025-08-21,Passed
3475,973,5,2025-08-29,Passed
3476,973,6,2025-08-30,Rejected
3477,974,1,2025-11-02,Passed
3478,974,2,2025-11-05,Rejected
3479,975,1,2025-01-04,Passed
3480,975,2,2025-01-08,Passed
3481,975,3,2025-01-15,Passed
3482,975,4,2025-01-17,Rejected
3483,976,1,2025-04-07,Passed
3484,976,2,2025-04-12,Passed
3485,976,3,2025-04-20,Passed
3486,976,4,2025-04-23,Rejected
3487,977,1,2025-10-15,Passed
3488,977,2,2025-10-21,Passed
3489,977,3,2025-10-30,Passed
3490,977,4,2025-11-03,Rejected
3491,978,1,2025-05-08,Passed
3492,978,2,2025-05-15,Rejected
3493,979,1,2025-11-27,Passed
3494,979,2,2025-12-01,Passed
3495,979,3,2025-12-08,Passed
3496,979,4,2025-12-14,Rejected
3497,980,1,2025-07-13,Passed
3498,980,2,2025-07-22,Passed
3499,980,3,2025-07-31,Passed
3500,980,4,2025-08-08,Passed
3501,980,5,2025-08-13,Rejected
3502,981,1,2025-02-10,Passed
3503,981,2,2025-02-18,Passed
3504,981,3,2025-02-22,Passed
3505,981,4,2025-02-25,Rejected
3506,982,1,2025-05-03,Passed
3507,982,2,2025-05-08,Rejected
3508,983,1,2025-11-10,Passed
3509,983,2,2025-11-14,Passed
3510,983,3,2025-11-19,Rejected
3511,984,1,2025-12-17,Passed
3512,984,2,2025-12-18,Rejected
3513,985,1,2025-11-29,Passed
3514,985,2,2025-12-07,Passed
3515,985,3,2025-12-09,Passed
3516,985,4,2025-12-19,Passed
3517,985,5,2025-12-20,Rejected
3518,986,1,2025-05-18,Passed
3519,986,2,2025-05-24,Passed
3520,986,3,2025-05-30,Rejected
3521,987,1,2025-02-05,Passed
3522,987,2,2025-02-08,Passed
3523,987,3,2025-02-13,Rejected
3524,988,1,2025-05-29,Passed
3525,988,2,2025-06-05,Passed
3526,988,3,2025-06-06,Rejected
3527,989,1,2025-08-22,Passed
3528,989,2,2025-09-01,Passed
3529,989,3,2025-09-02,Rejected
3530,990,1,2025-05-20,Passed
3531,990,2,2025-05-30,Passed
3532,990,3,2025-06-08,Passed
3533,990,4,2025-06-12,Passed
3534,990,5,2025-06-18,Passed
3535,990,6,2025-06-19,Rejected
3536,991,1,2025-06-14,Passed
3537,991,2,2025-06-19,Rejected
3538,992,1,2025-01-26,Passed
3539,992,2,2025-01-29,Passed
3540,992,3,2025-02-02,Passed
3541,992,4,2025-02-03,Rejected
3542,993,1,2025-01-12,Passed
3543,993,2,2025-01-17,Passed
3544,993,3,2025-01-26,Passed
3545,993,4,2025-02-05,Passed
3546,993,5,2025-02-06,Rejected
3547,994,1,2025-05-25,Passed
3548,994,2,2025-05-28,Rejected
3549,995,1,2025-08-13,Passed
3550,995,2,2025-08-17,Passed
3551,995,3,2025-08-24,Rejected
3552,996,1,2025-04-30,Passed
3553,996,2,2025-05-03,Rejected
3554,997,1,2025-01-08,Passed
3555,997,2,2025-01-14,Rejected
3556,998,1,2025-06-25,Passed
3557,998,2,2025-06-28,Passed
3558,998,3,2025-06-30,Passed
3559,998,4,2025-07-05,Passed
3560,998,5,2025-07-15,Passed
3561,998,6,2025-07-24,Selected
3562,999,1,2025-09-13,Passed
3563,999,2,2025-09-16,Passed
3564,999,3,2025-09-20,Rejected
3565,1000,1,2025-12-23,Passed
3566,1000,2,2025-12-29,Passed
3567,1000,3,2026-01-01,Passed
3568,1000,4,2026-01-09,Passed
3569,1000,5,2026-01-15,Passed
3570,1000,6,2026-01-20,Rejected
3571,1001,1,2025-03-16,Passed
3572,1001,2,2025-03-22,Passed
3573,1001,3,2025-03-31,Passed
3574,1001,4,2025-04-07,Passed
3575,1001,5,2025-04-11,Rejected
3576,1002,1,2025-07-20,Passed
3577,1002,2,2025-07-24,Rejected
3578,1003,1,2025-08-29,Passed
3579,1003,2,2025-09-02,Passed
3580,1003,3,2025-09-12,Passed
3581,1003,4,2025-09-22,Passed
3582,1003,5,2025-09-23,Rejected
3583,1004,1,2025-05-09,Passed
3584,1004,2,2025-05-13,Passed
3585,1004,3,2025-05-20,Passed
3586,1004,4,2025-05-24,Passed
3587,1004,5,2025-05-30,Passed
3588,1004,6,2025-05-31,Rejected
3589,1005,1,2025-01-07,Passed
3590,1005,2,2025-01-13,Rejected
3591,1006,1,2025-05-08,Passed
3592,1006,2,2025-05-17,Passed
3593,1006,3,2025-05-21,Passed
3594,1006,4,2025-05-26,Rejected
3595,1007,1,2025-08-15,Passed
3596,1007,2,2025-08-25,Passed
3597,1007,3,2025-09-01,Passed
3598,1007,4,2025-09-06,Rejected
3599,1008,1,2025-01-18,Passed
3600,1008,2,2025-01-26,Passed
3601,1008,3,2025-01-28,Passed
3602,1008,4,2025-01-30,Rejected
3603,1009,1,2025-02-18,Passed
3604,1009,2,2025-02-21,Passed
3605,1009,3,2025-03-02,Passed
3606,1009,4,2025-03-07,Passed
3607,1009,5,2025-03-14,Rejected
3608,1010,1,2025-04-17,Passed
3609,1010,2,2025-04-24,Rejected
3610,1011,1,2025-12-15,Passed
3611,1011,2,2025-12-19,Passed
3612,1011,3,2025-12-23,Rejected
3613,1012,1,2025-06-15,Passed
3614,1012,2,2025-06-23,Passed
3615,1012,3,2025-06-24,Rejected
3616,1013,1,2025-01-22,Passed
3617,1013,2,2025-01-25,Passed
3618,1013,3,2025-01-28,Passed
3619,1013,4,2025-02-04,Passed
3620,1013,5,2025-02-11,Rejected
3621,1014,1,2025-10-09,Passed
3622,1014,2,2025-10-13,Passed
3623,1014,3,2025-10-22,Passed
3624,1014,4,2025-11-01,Passed
3625,1014,5,2025-11-07,Passed
3626,1014,6,2025-11-13,Rejected
3627,1015,1,2025-05-10,Passed
3628,1015,2,2025-05-15,Passed
3629,1015,3,2025-05-19,Rejected
3630,1016,1,2025-06-02,Passed
3631,1016,2,2025-06-09,Rejected
3632,1017,1,2025-01-27,Passed
3633,1017,2,2025-01-28,Rejected
3634,1018,1,2025-04-22,Passed
3635,1018,2,2025-04-25,Passed
3636,1018,3,2025-04-29,Passed
3637,1018,4,2025-05-02,Rejected
3638,1019,1,2025-05-01,Passed
3639,1019,2,2025-05-11,Passed
3640,1019,3,2025-05-14,Rejected
3641,1020,1,2025-03-27,Passed
3642,1020,2,2025-04-06,Passed
3643,1020,3,2025-04-11,Passed
3644,1020,4,2025-04-15,Rejected
3645,1021,1,2025-10-27,Passed
3646,1021,2,2025-11-03,Passed
3647,1021,3,2025-11-13,Passed
3648,1021,4,2025-11-20,Rejected
3649,1022,1,2025-05-05,Passed
3650,1022,2,2025-05-13,Passed
3651,1022,3,2025-05-20,Rejected
3652,1023,1,2025-10-25,Passed
3653,1023,2,2025-10-28,Passed
3654,1023,3,2025-11-07,Passed
3655,1023,4,2025-11-10,Passed
3656,1023,5,2025-11-11,Rejected
3657,1024,1,2025-09-01,Passed
3658,1024,2,2025-09-08,Passed
3659,1024,3,2025-09-14,Passed
3660,1024,4,2025-09-17,Rejected
3661,1025,1,2025-03-21,Passed
3662,1025,2,2025-03-28,Passed
3663,1025,3,2025-04-01,Passed
3664,1025,4,2025-04-02,Rejected
3665,1026,1,2025-02-15,Passed
3666,1026,2,2025-02-20,Passed
3667,1026,3,2025-02-25,Rejected
3668,1027,1,2025-09-13,Passed
3669,1027,2,2025-09-21,Passed
3670,1027,3,2025-10-01,Passed
3671,1027,4,2025-10-02,Rejected
3672,1028,1,2025-11-13,Passed
3673,1028,2,2025-11-19,Passed
3674,1028,3,2025-11-20,Rejected
3675,1029,1,2025-11-17,Passed
3676,1029,2,2025-11-23,Passed
3677,1029,3,2025-11-25,Passed
3678,1029,4,2025-12-05,Passed
3679,1029,5,2025-12-08,Rejected
3680,1030,1,2025-07-02,Passed
3681,1030,2,2025-07-08,Rejected
3682,1031,1,2025-12-26,Passed
3683,1031,2,2025-12-27,Rejected
3684,1032,1,2025-02-24,Passed
3685,1032,2,2025-02-27,Passed
3686,1032,3,2025-03-04,Rejected
3687,1033,1,2025-04-30,Passed
3688,1033,2,2025-05-06,Rejected
3689,1034,1,2025-11-27,Passed
3690,1034,2,2025-12-04,Rejected
3691,1035,1,2025-08-13,Passed
3692,1035,2,2025-08-16,Passed
3693,1035,3,2025-08-21,Rejected
3694,1036,1,2025-01-11,Passed
3695,1036,2,2025-01-14,Passed
3696,1036,3,2025-01-18,Rejected
3697,1037,1,2025-07-03,Passed
3698,1037,2,2025-07-06,Rejected
3699,1038,1,2025-05-09,Passed
3700,1038,2,2025-05-12,Passed
3701,1038,3,2025-05-22,Passed
3702,1038,4,2025-05-29,Passed
3703,1038,5,2025-06-01,Rejected
3704,1039,1,2025-09-06,Passed
3705,1039,2,2025-09-08,Rejected
3706,1040,1,2025-10-14,Passed
3707,1040,2,2025-10-16,Passed
3708,1040,3,2025-10-21,Passed
3709,1040,4,2025-10-28,Rejected
3710,1041,1,2025-12-23,Passed
3711,1041,2,2025-12-25,Passed
3712,1041,3,2025-12-27,Passed
3713,1041,4,2026-01-04,Passed
3714,1041,5,2026-01-08,Rejected
3715,1042,1,2025-10-18,Passed
3716,1042,2,2025-10-28,Passed
3717,1042,3,2025-11-06,Passed
3718,1042,4,2025-11-13,Passed
3719,1042,5,2025-11-20,Passed
3720,1042,6,2025-11-21,Rejected
3721,1043,1,2025-06-28,Passed
3722,1043,2,2025-07-01,Passed
3723,1043,3,2025-07-06,Passed
3724,1043,4,2025-07-16,Passed
3725,1043,5,2025-07-23,Rejected
3726,1044,1,2025-08-28,Passed
3727,1044,2,2025-09-02,Passed
3728,1044,3,2025-09-03,Rejected
3729,1045,1,2025-11-03,Passed
3730,1045,2,2025-11-12,Passed
3731,1045,3,2025-11-14,Passed
3732,1045,4,2025-11-19,Passed
3733,1045,5,2025-11-21,Rejected
3734,1046,1,2025-10-11,Passed
3735,1046,2,2025-10-20,Passed
3736,1046,3,2025-10-26,Rejected
3737,1047,1,2025-09-29,Passed
3738,1047,2,2025-10-05,Passed
3739,1047,3,2025-10-07,Rejected
3740,1048,1,2025-06-01,Passed
3741,1048,2,2025-06-08,Passed
3742,1048,3,2025-06-15,Rejected
3743,1049,1,2025-10-05,Passed
3744,1049,2,2025-10-11,Passed
3745,1049,3,2025-10-18,Rejected
3746,1050,1,2025-01-01,Passed
3747,1050,2,2025-01-06,Passed
3748,1050,3,2025-01-12,Passed
3749,1050,4,2025-01-22,Passed
3750,1050,5,2025-01-23,Rejected
3751,1051,1,2025-09-17,Passed
3752,1051,2,2025-09-25,Passed
3753,1051,3,2025-09-30,Rejected
3754,1052,1,2025-04-05,Passed
3755,1052,2,2025-04-08,Passed
3756,1052,3,2025-04-12,Passed
3757,1052,4,2025-04-17,Rejected
3758,1053,1,2025-11-14,Passed
3759,1053,2,2025-11-24,Passed
3760,1053,3,2025-12-01,Passed
3761,1053,4,2025-12-08,Rejected
3762,1054,1,2025-11-14,Passed
3763,1054,2,2025-11-19,Passed
3764,1054,3,2025-11-25,Rejected
3765,1055,1,2025-02-02,Passed
3766,1055,2,2025-02-05,Passed
3767,1055,3,2025-02-07,Passed
3768,1055,4,2025-02-15,Passed
3769,1055,5,2025-02-18,Passed
3770,1055,6,2025-02-26,Selected
3771,1056,1,2025-07-18,Passed
3772,1056,2,2025-07-26,Passed
3773,1056,3,2025-07-28,Passed
3774,1056,4,2025-08-05,Passed
3775,1056,5,2025-08-13,Passed
3776,1056,6,2025-08-19,Rejected
3777,1057,1,2025-12-16,Passed
3778,1057,2,2025-12-26,Passed
3779,1057,3,2025-12-27,Rejected
3780,1058,1,2025-10-10,Passed
3781,1058,2,2025-10-17,Rejected
3782,1059,1,2025-05-25,Passed
3783,1059,2,2025-06-01,Rejected
3784,1060,1,2025-11-25,Passed
3785,1060,2,2025-12-02,Rejected
3786,1061,1,2025-02-19,Passed
3787,1061,2,2025-02-24,Passed
3788,1061,3,2025-02-27,Rejected
3789,1062,1,2025-02-04,Passed
3790,1062,2,2025-02-12,Passed
3791,1062,3,2025-02-19,Rejected
3792,1063,1,2025-03-08,Passed
3793,1063,2,2025-03-10,Passed
3794,1063,3,2025-03-15,Rejected
3795,1064,1,2025-01-17,Passed
3796,1064,2,2025-01-23,Passed
3797,1064,3,2025-01-28,Rejected
3798,1065,1,2025-09-06,Passed
3799,1065,2,2025-09-16,Passed
3800,1065,3,2025-09-24,Passed
3801,1065,4,2025-09-29,Passed
3802,1065,5,2025-10-01,Passed
3803,1065,6,2025-10-07,Rejected
3804,1066,1,2025-01-17,Passed
3805,1066,2,2025-01-18,Rejected
3806,1067,1,2025-07-18,Passed
3807,1067,2,2025-07-25,Rejected
3808,1068,1,2025-09-27,Passed
3809,1068,2,2025-10-04,Passed
3810,1068,3,2025-10-06,Passed
3811,1068,4,2025-10-09,Rejected
3812,1069,1,2025-10-30,Passed
3813,1069,2,2025-11-05,Passed
3814,1069,3,2025-11-12,Rejected
3815,1070,1,2025-07-07,Passed
3816,1070,2,2025-07-09,Passed
3817,1070,3,2025-07-16,Passed
3818,1070,4,2025-07-23,Rejected
3819,1071,1,2025-02-06,Passed
3820,1071,2,2025-02-15,Passed
3821,1071,3,2025-02-17,Passed
3822,1071,4,2025-02-24,Passed
3823,1071,5,2025-03-03,Rejected
3824,1072,1,2025-04-17,Passed
3825,1072,2,2025-04-25,Passed
3826,1072,3,2025-04-28,Passed
3827,1072,4,2025-05-08,Passed
3828,1072,5,2025-05-11,Passed
3829,1072,6,2025-05-14,Rejected
3830,1073,1,2025-02-10,Passed
3831,1073,2,2025-02-16,Passed
3832,1073,3,2025-02-25,Passed
3833,1073,4,2025-03-01,Passed
3834,1073,5,2025-03-03,Passed
3835,1073,6,2025-03-05,Selected
3836,1074,1,2025-11-24,Passed
3837,1074,2,2025-12-04,Passed
3838,1074,3,2025-12-09,Rejected
3839,1075,1,2025-10-13,Passed
3840,1075,2,2025-10-23,Passed
3841,1075,3,2025-10-24,Rejected
3842,1076,1,2025-08-01,Passed
3843,1076,2,2025-08-04,Rejected
3844,1077,1,2025-12-29,Passed
3845,1077,2,2025-12-30,Rejected
3846,1078,1,2025-11-12,Passed
3847,1078,2,2025-11-19,Passed
3848,1078,3,2025-11-21,Passed
3849,1078,4,2025-11-24,Rejected
3850,1079,1,2025-01-21,Passed
3851,1079,2,2025-01-31,Passed
3852,1079,3,2025-02-10,Passed
3853,1079,4,2025-02-15,Passed
3854,1079,5,2025-02-22,Passed
3855,1079,6,2025-02-28,Rejected
3856,1080,1,2025-06-05,Passed
3857,1080,2,2025-06-13,Passed
3858,1080,3,2025-06-15,Rejected
3859,1081,1,2025-09-23,Passed
3860,1081,2,2025-09-30,Passed
3861,1081,3,2025-10-08,Passed
3862,1081,4,2025-10-11,Rejected
3863,1082,1,2025-04-29,Passed
3864,1082,2,2025-05-05,Passed
3865,1082,3,2025-05-07,Rejected
3866,1083,1,2025-04-08,Passed
3867,1083,2,2025-04-14,Passed
3868,1083,3,2025-04-19,Rejected
3869,1084,1,2025-12-03,Passed
3870,1084,2,2025-12-08,Passed
3871,1084,3,2025-12-13,Rejected
3872,1085,1,2025-11-17,Passed
3873,1085,2,2025-11-27,Passed
3874,1085,3,2025-12-03,Rejected
3875,1086,1,2025-10-13,Passed
3876,1086,2,2025-10-18,Passed
3877,1086,3,2025-10-20,Passed
3878,1086,4,2025-10-22,Rejected
3879,1087,1,2025-08-01,Passed
3880,1087,2,2025-08-04,Passed
3881,1087,3,2025-08-06,Rejected
3882,1088,1,2025-11-23,Passed
3883,1088,2,2025-12-03,Passed
3884,1088,3,2025-12-08,Rejected
3885,1089,1,2025-12-12,Passed
3886,1089,2,2025-12-22,Passed
3887,1089,3,2025-12-27,Rejected
3888,1090,1,2025-12-07,Passed
3889,1090,2,2025-12-17,Passed
3890,1090,3,2025-12-24,Passed
3891,1090,4,2025-12-30,Passed
3892,1090,5,2026-01-02,Rejected
3893,1091,1,2025-02-23,Passed
3894,1091,2,2025-03-02,Passed
3895,1091,3,2025-03-09,Passed
3896,1091,4,2025-03-10,Rejected
3897,1092,1,2025-04-03,Passed
3898,1092,2,2025-04-12,Passed
3899,1092,3,2025-04-16,Rejected
3900,1093,1,2025-09-16,Passed
3901,1093,2,2025-09-23,Passed
3902,1093,3,2025-09-26,Passed
3903,1093,4,2025-10-02,Rejected
3904,1094,1,2025-03-22,Passed
3905,1094,2,2025-03-27,Passed
3906,1094,3,2025-04-04,Passed
3907,1094,4,2025-04-08,Passed
3908,1094,5,2025-04-10,Rejected
3909,1095,1,2025-08-15,Passed
3910,1095,2,2025-08-23,Passed
3911,1095,3,2025-08-29,Rejected
3912,1096,1,2025-06-11,Passed
3913,1096,2,2025-06-17,Passed
3914,1096,3,2025-06-20,Rejected
3915,1097,1,2025-07-10,Passed
3916,1097,2,2025-07-13,Passed
3917,1097,3,2025-07-23,Passed
3918,1097,4,2025-07-28,Rejected
3919,1098,1,2025-06-15,Passed
3920,1098,2,2025-06-20,Passed
3921,1098,3,2025-06-24,Rejected
3922,1099,1,2025-10-16,Passed
3923,1099,2,2025-10-19,Passed
3924,1099,3,2025-10-29,Passed
3925,1099,4,2025-11-02,Rejected
3926,1100,1,2025-07-12,Passed
3927,1100,2,2025-07-16,Passed
3928,1100,3,2025-07-23,Rejected
3929,1101,1,2025-05-11,Passed
3930,1101,2,2025-05-15,Passed
3931,1101,3,2025-05-17,Rejected
3932,1102,1,2025-08-18,Passed
3933,1102,2,2025-08-28,Passed
3934,1102,3,2025-09-01,Rejected
3935,1103,1,2025-01-01,Passed
3936,1103,2,2025-01-09,Passed
3937,1103,3,2025-01-11,Rejected
3938,1104,1,2025-05-26,Passed
3939,1104,2,2025-05-29,Passed
3940,1104,3,2025-06-05,Passed
3941,1104,4,2025-06-10,Rejected
3942,1105,1,2025-09-23,Passed
3943,1105,2,2025-09-25,Passed
3944,1105,3,2025-10-02,Passed
3945,1105,4,2025-10-06,Rejected
3946,1106,1,2025-06-04,Passed
3947,1106,2,2025-06-12,Passed
3948,1106,3,2025-06-21,Passed
3949,1106,4,2025-06-27,Rejected
3950,1107,1,2025-04-24,Passed
3951,1107,2,2025-05-04,Passed
3952,1107,3,2025-05-06,Passed
3953,1107,4,2025-05-09,Rejected
3954,1108,1,2025-06-11,Passed
3955,1108,2,2025-06-20,Passed
3956,1108,3,2025-06-29,Passed
3957,1108,4,2025-07-05,Passed
3958,1108,5,2025-07-06,Rejected
3959,1109,1,2025-12-20,Passed
3960,1109,2,2025-12-29,Passed
3961,1109,3,2026-01-08,Passed
3962,1109,4,2026-01-13,Rejected
3963,1110,1,2025-10-11,Passed
3964,1110,2,2025-10-19,Passed
3965,1110,3,2025-10-27,Passed
3966,1110,4,2025-10-31,Passed
3967,1110,5,2025-11-01,Rejected
3968,1111,1,2025-10-20,Passed
3969,1111,2,2025-10-26,Rejected
3970,1112,1,2025-03-21,Passed
3971,1112,2,2025-03-27,Rejected
3972,1113,1,2025-08-24,Passed
3973,1113,2,2025-09-03,Passed
3974,1113,3,2025-09-10,Passed
3975,1113,4,2025-09-16,Passed
3976,1113,5,2025-09-22,Passed
3977,1113,6,2025-09-26,Rejected
3978,1114,1,2025-03-12,Passed
3979,1114,2,2025-03-16,Passed
3980,1114,3,2025-03-22,Passed
3981,1114,4,2025-03-29,Rejected
3982,1115,1,2025-10-26,Passed
3983,1115,2,2025-10-31,Passed
3984,1115,3,2025-11-02,Rejected
3985,1116,1,2025-05-12,Passed
3986,1116,2,2025-05-22,Passed
3987,1116,3,2025-05-29,Rejected
3988,1117,1,2025-02-17,Passed
3989,1117,2,2025-02-19,Passed
3990,1117,3,2025-02-24,Rejected
3991,1118,1,2025-04-22,Passed
3992,1118,2,2025-04-27,Passed
3993,1118,3,2025-04-29,Passed
3994,1118,4,2025-05-05,Passed
3995,1118,5,2025-05-10,Rejected
3996,1119,1,2025-09-05,Passed
3997,1119,2,2025-09-14,Passed
3998,1119,3,2025-09-23,Passed
3999,1119,4,2025-09-26,Passed
4000,1119,5,2025-10-03,Rejected
4001,1120,1,2025-12-20,Passed
4002,1120,2,2025-12-28,Passed
4003,1120,3,2025-12-31,Passed
4004,1120,4,2026-01-03,Rejected
4005,1121,1,2025-02-18,Passed
4006,1121,2,2025-02-21,Passed
4007,1121,3,2025-02-28,Rejected
4008,1122,1,2025-06-03,Passed
4009,1122,2,2025-06-08,Passed
4010,1122,3,2025-06-11,Rejected
4011,1123,1,2025-10-23,Passed
4012,1123,2,2025-10-30,Passed
4013,1123,3,2025-11-09,Passed
4014,1123,4,2025-11-10,Rejected
4015,1124,1,2025-01-29,Passed
4016,1124,2,2025-02-05,Passed
4017,1124,3,2025-02-06,Rejected
4018,1125,1,2025-06-21,Passed
4019,1125,2,2025-07-01,Passed
4020,1125,3,2025-07-11,Passed
4021,1125,4,2025-07-17,Rejected
4022,1126,1,2025-08-11,Passed
4023,1126,2,2025-08-13,Passed
4024,1126,3,2025-08-21,Passed
4025,1126,4,2025-08-23,Rejected
4026,1127,1,2025-03-03,Passed
4027,1127,2,2025-03-09,Passed
4028,1127,3,2025-03-18,Passed
4029,1127,4,2025-03-24,Rejected
4030,1128,1,2025-04-27,Passed
4031,1128,2,2025-05-01,Passed
4032,1128,3,2025-05-04,Passed
4033,1128,4,2025-05-11,Rejected
4034,1129,1,2025-11-05,Passed
4035,1129,2,2025-11-10,Passed
4036,1129,3,2025-11-13,Passed
4037,1129,4,2025-11-18,Rejected
4038,1130,1,2025-11-21,Passed
4039,1130,2,2025-11-25,Passed
4040,1130,3,2025-12-01,Passed
4041,1130,4,2025-12-07,Rejected
4042,1131,1,2025-07-15,Passed
4043,1131,2,2025-07-22,Passed
4044,1131,3,2025-07-26,Passed
4045,1131,4,2025-08-02,Rejected
4046,1132,1,2025-09-26,Passed
4047,1132,2,2025-10-02,Passed
4048,1132,3,2025-10-06,Rejected
4049,1133,1,2025-10-04,Passed
4050,1133,2,2025-10-08,Rejected
4051,1134,1,2025-06-17,Passed
4052,1134,2,2025-06-27,Passed
4053,1134,3,2025-06-30,Passed
4054,1134,4,2025-07-06,Passed
4055,1134,5,2025-07-10,Rejected
4056,1135,1,2025-04-24,Passed
4057,1135,2,2025-05-02,Passed
4058,1135,3,2025-05-11,Passed
4059,1135,4,2025-05-17,Rejected
4060,1136,1,2025-07-21,Passed
4061,1136,2,2025-07-29,Passed
4062,1136,3,2025-08-05,Rejected
4063,1137,1,2025-11-01,Passed
4064,1137,2,2025-11-08,Rejected
4065,1138,1,2025-02-16,Passed
4066,1138,2,2025-02-20,Rejected
4067,1139,1,2025-05-29,Passed
4068,1139,2,2025-06-03,Passed
4069,1139,3,2025-06-09,Passed
4070,1139,4,2025-06-16,Rejected
4071,1140,1,2025-03-17,Passed
4072,1140,2,2025-03-18,Rejected
4073,1141,1,2025-02-12,Passed
4074,1141,2,2025-02-19,Passed
4075,1141,3,2025-02-26,Passed
4076,1141,4,2025-03-07,Passed
4077,1141,5,2025-03-10,Rejected
4078,1142,1,2025-01-26,Passed
4079,1142,2,2025-01-29,Rejected
4080,1143,1,2025-05-15,Passed
4081,1143,2,2025-05-20,Passed
4082,1143,3,2025-05-22,Passed
4083,1143,4,2025-05-30,Passed
4084,1143,5,2025-06-03,Passed
4085,1143,6,2025-06-10,Rejected
4086,1144,1,2025-09-14,Passed
4087,1144,2,2025-09-21,Passed
4088,1144,3,2025-10-01,Passed
4089,1144,4,2025-10-03,Passed
4090,1144,5,2025-10-04,Rejected
4091,1145,1,2025-12-24,Passed
4092,1145,2,2025-12-27,Rejected
4093,1146,1,2025-03-11,Passed
4094,1146,2,2025-03-18,Rejected
4095,1147,1,2025-04-12,Passed
4096,1147,2,2025-04-15,Passed
4097,1147,3,2025-04-20,Rejected
4098,1148,1,2025-11-30,Passed
4099,1148,2,2025-12-10,Passed
4100,1148,3,2025-12-14,Passed
4101,1148,4,2025-12-18,Rejected
4102,1149,1,2025-10-15,Passed
4103,1149,2,2025-10-17,Rejected
4104,1150,1,2025-09-26,Passed
4105,1150,2,2025-09-30,Passed
4106,1150,3,2025-10-03,Rejected
4107,1151,1,2025-02-06,Passed
4108,1151,2,2025-02-16,Passed
4109,1151,3,2025-02-17,Rejected
4110,1152,1,2025-08-09,Passed
4111,1152,2,2025-08-11,Passed
4112,1152,3,2025-08-16,Rejected
4113,1153,1,2025-10-22,Passed
4114,1153,2,2025-10-30,Passed
4115,1153,3,2025-10-31,Rejected
4116,1154,1,2025-12-10,Passed
4117,1154,2,2025-12-16,Passed
4118,1154,3,2025-12-21,Passed
4119,1154,4,2025-12-24,Passed
4120,1154,5,2025-12-28,Rejected
4121,1155,1,2025-07-07,Passed
4122,1155,2,2025-07-11,Passed
4123,1155,3,2025-07-14,Rejected
4124,1156,1,2025-06-14,Passed
4125,1156,2,2025-06-15,Rejected
4126,1157,1,2025-12-02,Passed
4127,1157,2,2025-12-10,Passed
4128,1157,3,2025-12-20,Passed
4129,1157,4,2025-12-22,Rejected
4130,1158,1,2025-06-06,Passed
4131,1158,2,2025-06-14,Passed
4132,1158,3,2025-06-20,Passed
4133,1158,4,2025-06-24,Rejected
4134,1159,1,2025-11-12,Passed
4135,1159,2,2025-11-14,Passed
4136,1159,3,2025-11-23,Passed
4137,1159,4,2025-11-29,Passed
4138,1159,5,2025-12-04,Rejected
4139,1160,1,2025-08-15,Passed
4140,1160,2,2025-08-21,Passed
4141,1160,3,2025-08-26,Passed
4142,1160,4,2025-08-31,Rejected
4143,1161,1,2025-08-14,Passed
4144,1161,2,2025-08-20,Passed
4145,1161,3,2025-08-25,Rejected
4146,1162,1,2025-04-30,Passed
4147,1162,2,2025-05-08,Passed
4148,1162,3,2025-05-17,Passed
4149,1162,4,2025-05-20,Rejected
4150,1163,1,2025-07-11,Passed
4151,1163,2,2025-07-14,Passed
4152,1163,3,2025-07-16,Passed
4153,1163,4,2025-07-21,Passed
4154,1163,5,2025-07-25,Rejected
4155,1164,1,2025-02-13,Passed
4156,1164,2,2025-02-19,Passed
4157,1164,3,2025-02-22,Passed
4158,1164,4,2025-02-26,Passed
4159,1164,5,2025-03-07,Passed
4160,1164,6,2025-03-08,Rejected
4161,1165,1,2025-01-28,Passed
4162,1165,2,2025-02-06,Passed
4163,1165,3,2025-02-11,Passed
4164,1165,4,2025-02-20,Passed
4165,1165,5,2025-02-26,Passed
4166,1165,6,2025-03-05,Rejected
4167,1166,1,2025-03-17,Passed
4168,1166,2,2025-03-24,Passed
4169,1166,3,2025-03-29,Rejected
4170,1167,1,2025-05-28,Passed
4171,1167,2,2025-05-30,Passed
4172,1167,3,2025-06-04,Passed
4173,1167,4,2025-06-11,Rejected
4174,1168,1,2025-12-22,Passed
4175,1168,2,2025-12-31,Passed
4176,1168,3,2026-01-05,Passed
4177,1168,4,2026-01-14,Passed
4178,1168,5,2026-01-21,Rejected
4179,1169,1,2025-06-06,Passed
4180,1169,2,2025-06-09,Passed
4181,1169,3,2025-06-13,Rejected
4182,1170,1,2025-01-12,Passed
4183,1170,2,2025-01-20,Passed
4184,1170,3,2025-01-22,Passed
4185,1170,4,2025-01-25,Passed
4186,1170,5,2025-02-03,Passed
4187,1170,6,2025-02-04,Rejected
4188,1171,1,2025-04-19,Passed
4189,1171,2,2025-04-27,Passed
4190,1171,3,2025-05-07,Passed
4191,1171,4,2025-05-13,Rejected
4192,1172,1,2025-09-25,Passed
4193,1172,2,2025-09-29,Rejected
4194,1173,1,2025-10-08,Passed
4195,1173,2,2025-10-14,Passed
4196,1173,3,2025-10-20,Passed
4197,1173,4,2025-10-26,Rejected
4198,1174,1,2025-03-14,Passed
4199,1174,2,2025-03-21,Passed
4200,1174,3,2025-03-28,Passed
4201,1174,4,2025-03-30,Rejected
4202,1175,1,2025-12-09,Passed
4203,1175,2,2025-12-19,Passed
4204,1175,3,2025-12-26,Rejected
4205,1176,1,2025-10-26,Passed
4206,1176,2,2025-11-02,Passed
4207,1176,3,2025-11-08,Passed
4208,1176,4,2025-11-13,Passed
4209,1176,5,2025-11-19,Rejected
4210,1177,1,2025-09-27,Passed
4211,1177,2,2025-10-01,Passed
4212,1177,3,2025-10-10,Passed
4213,1177,4,2025-10-18,Passed
4214,1177,5,2025-10-27,Passed
4215,1177,6,2025-10-29,Selected
4216,1178,1,2025-05-26,Passed
4217,1178,2,2025-05-31,Passed
4218,1178,3,2025-06-03,Passed
4219,1178,4,2025-06-06,Rejected
4220,1179,1,2025-12-23,Passed
4221,1179,2,2026-01-01,Passed
4222,1179,3,2026-01-04,Passed
4223,1179,4,2026-01-14,Passed
4224,1179,5,2026-01-17,Rejected
4225,1180,1,2025-01-28,Passed
4226,1180,2,2025-02-02,Passed
4227,1180,3,2025-02-10,Passed
4228,1180,4,2025-02-13,Rejected
4229,1181,1,2025-01-05,Passed
4230,1181,2,2025-01-13,Passed
4231,1181,3,2025-01-18,Rejected
4232,1182,1,2025-12-05,Passed
4233,1182,2,2025-12-10,Passed
4234,1182,3,2025-12-14,Passed
4235,1182,4,2025-12-19,Passed
4236,1182,5,2025-12-25,Passed
4237,1182,6,2025-12-27,Rejected
4238,1183,1,2025-12-04,Passed
4239,1183,2,2025-12-09,Rejected
4240,1184,1,2025-02-25,Passed
4241,1184,2,2025-03-05,Passed
4242,1184,3,2025-03-11,Passed
4243,1184,4,2025-03-17,Rejected
4244,1185,1,2025-11-29,Passed
4245,1185,2,2025-12-05,Rejected
4246,1186,1,2025-07-14,Passed
4247,1186,2,2025-07-16,Rejected
4248,1187,1,2025-02-20,Passed
4249,1187,2,2025-02-25,Passed
4250,1187,3,2025-02-26,Rejected
4251,1188,1,2025-09-06,Passed
4252,1188,2,2025-09-11,Rejected
4253,1189,1,2025-09-30,Passed
4254,1189,2,2025-10-04,Passed
4255,1189,3,2025-10-06,Passed
4256,1189,4,2025-10-08,Passed
4257,1189,5,2025-10-17,Passed
4258,1189,6,2025-10-21,Rejected
4259,1190,1,2025-04-12,Passed
4260,1190,2,2025-04-22,Passed
4261,1190,3,2025-04-24,Rejected
4262,1191,1,2025-10-15,Passed
4263,1191,2,2025-10-23,Passed
4264,1191,3,2025-10-29,Rejected
4265,1192,1,2025-01-12,Passed
4266,1192,2,2025-01-18,Passed
4267,1192,3,2025-01-21,Rejected
4268,1193,1,2025-09-29,Passed
4269,1193,2,2025-10-04,Passed
4270,1193,3,2025-10-10,Rejected
4271,1194,1,2025-09-08,Passed
4272,1194,2,2025-09-14,Rejected
4273,1195,1,2025-03-22,Passed
4274,1195,2,2025-03-30,Passed
4275,1195,3,2025-04-08,Passed
4276,1195,4,2025-04-11,Rejected
4277,1196,1,2025-12-17,Passed
4278,1196,2,2025-12-27,Passed
4279,1196,3,2026-01-02,Rejected
4280,1197,1,2025-11-17,Passed
4281,1197,2,2025-11-19,Passed
4282,1197,3,2025-11-26,Rejected
4283,1198,1,2025-09-14,Passed
4284,1198,2,2025-09-21,Passed
4285,1198,3,2025-09-23,Rejected
4286,1199,1,2025-02-01,Passed
4287,1199,2,2025-02-06,Passed
4288,1199,3,2025-02-10,Passed
4289,1199,4,2025-02-11,Rejected
4290,1200,1,2025-07-18,Passed
4291,1200,2,2025-07-25,Passed
4292,1200,3,2025-07-27,Passed
4293,1200,4,2025-07-30,Rejected
4294,1201,1,2025-01-16,Passed
4295,1201,2,2025-01-23,Passed
4296,1201,3,2025-01-28,Rejected
4297,1202,1,2025-05-24,Passed
4298,1202,2,2025-05-29,Rejected
4299,1203,1,2025-06-24,Passed
4300,1203,2,2025-06-30,Passed
4301,1203,3,2025-07-04,Rejected
4302,1204,1,2025-12-03,Passed
4303,1204,2,2025-12-09,Passed
4304,1204,3,2025-12-11,Passed
4305,1204,4,2025-12-18,Rejected
4306,1205,1,2025-07-15,Passed
4307,1205,2,2025-07-24,Passed
4308,1205,3,2025-07-30,Rejected
4309,1206,1,2025-11-10,Passed
4310,1206,2,2025-11-14,Passed
4311,1206,3,2025-11-24,Passed
4312,1206,4,2025-11-25,Rejected
4313,1207,1,2025-12-18,Passed
4314,1207,2,2025-12-22,Passed
4315,1207,3,2025-12-24,Rejected
4316,1208,1,2025-05-04,Passed
4317,1208,2,2025-05-06,Rejected
4318,1209,1,2025-08-07,Passed
4319,1209,2,2025-08-10,Passed
4320,1209,3,2025-08-12,Passed
4321,1209,4,2025-08-22,Passed
4322,1209,5,2025-08-27,Passed
4323,1209,6,2025-09-02,Rejected
4324,1210,1,2025-11-06,Passed
4325,1210,2,2025-11-13,Passed
4326,1210,3,2025-11-15,Rejected
4327,1211,1,2025-10-05,Passed
4328,1211,2,2025-10-10,Rejected
4329,1212,1,2025-12-01,Passed
4330,1212,2,2025-12-08,Passed
4331,1212,3,2025-12-16,Passed
4332,1212,4,2025-12-18,Passed
4333,1212,5,2025-12-28,Passed
4334,1212,6,2026-01-03,Selected
4335,1213,1,2025-10-05,Passed
4336,1213,2,2025-10-14,Passed
4337,1213,3,2025-10-19,Passed
4338,1213,4,2025-10-23,Rejected
4339,1214,1,2025-04-14,Passed
4340,1214,2,2025-04-16,Passed
4341,1214,3,2025-04-26,Passed
4342,1214,4,2025-05-03,Passed
4343,1214,5,2025-05-10,Rejected
4344,1215,1,2025-06-08,Passed
4345,1215,2,2025-06-17,Passed
4346,1215,3,2025-06-20,Passed
4347,1215,4,2025-06-23,Passed
4348,1215,5,2025-06-25,Passed
4349,1215,6,2025-07-02,Rejected
4350,1216,1,2025-09-26,Passed
4351,1216,2,2025-10-03,Passed
4352,1216,3,2025-10-08,Passed
4353,1216,4,2025-10-13,Passed
4354,1216,5,2025-10-19,Rejected
4355,1217,1,2025-08-09,Passed
4356,1217,2,2025-08-11,Passed
4357,1217,3,2025-08-17,Passed
4358,1217,4,2025-08-21,Passed
4359,1217,5,2025-08-25,Rejected
4360,1218,1,2025-03-16,Passed
4361,1218,2,2025-03-21,Passed
4362,1218,3,2025-03-26,Passed
4363,1218,4,2025-04-01,Passed
4364,1218,5,2025-04-10,Passed
4365,1218,6,2025-04-14,Rejected
4366,1219,1,2025-10-17,Passed
4367,1219,2,2025-10-24,Passed
4368,1219,3,2025-11-03,Passed
4369,1219,4,2025-11-07,Passed
4370,1219,5,2025-11-15,Passed
4371,1219,6,2025-11-20,Selected
4372,1220,1,2025-06-12,Passed
4373,1220,2,2025-06-16,Rejected
4374,1221,1,2025-09-30,Passed
4375,1221,2,2025-10-06,Passed
4376,1221,3,2025-10-16,Passed
4377,1221,4,2025-10-22,Rejected
4378,1222,1,2025-03-02,Passed
4379,1222,2,2025-03-03,Rejected
4380,1223,1,2025-03-16,Passed
4381,1223,2,2025-03-21,Passed
4382,1223,3,2025-03-30,Passed
4383,1223,4,2025-04-02,Passed
4384,1223,5,2025-04-08,Rejected
4385,1224,1,2025-06-13,Passed
4386,1224,2,2025-06-17,Passed
4387,1224,3,2025-06-24,Passed
4388,1224,4,2025-07-02,Passed
4389,1224,5,2025-07-03,Rejected
4390,1225,1,2025-07-30,Passed
4391,1225,2,2025-08-02,Passed
4392,1225,3,2025-08-09,Rejected
4393,1226,1,2025-11-23,Passed
4394,1226,2,2025-11-25,Rejected
4395,1227,1,2025-05-21,Passed
4396,1227,2,2025-05-28,Passed
4397,1227,3,2025-05-31,Passed
4398,1227,4,2025-06-07,Passed
4399,1227,5,2025-06-16,Passed
4400,1227,6,2025-06-23,Rejected
4401,1228,1,2025-04-07,Passed
4402,1228,2,2025-04-16,Passed
4403,1228,3,2025-04-24,Passed
4404,1228,4,2025-04-28,Rejected
4405,1229,1,2025-04-05,Passed
4406,1229,2,2025-04-08,Rejected
4407,1230,1,2025-11-10,Passed
4408,1230,2,2025-11-17,Passed
4409,1230,3,2025-11-25,Passed
4410,1230,4,2025-11-30,Passed
4411,1230,5,2025-12-05,Rejected
4412,1231,1,2025-11-07,Passed
4413,1231,2,2025-11-15,Passed
4414,1231,3,2025-11-20,Rejected
4415,1232,1,2025-04-29,Passed
4416,1232,2,2025-05-01,Passed
4417,1232,3,2025-05-05,Passed
4418,1232,4,2025-05-10,Rejected
4419,1233,1,2025-04-29,Passed
4420,1233,2,2025-05-04,Rejected
4421,1234,1,2025-07-03,Passed
4422,1234,2,2025-07-07,Passed
4423,1234,3,2025-07-14,Passed
4424,1234,4,2025-07-15,Rejected
4425,1235,1,2025-09-02,Passed
4426,1235,2,2025-09-05,Rejected
4427,1236,1,2025-11-06,Passed
4428,1236,2,2025-11-08,Rejected
4429,1237,1,2025-11-29,Passed
4430,1237,2,2025-12-03,Rejected
4431,1238,1,2025-07-18,Passed
4432,1238,2,2025-07-27,Passed
4433,1238,3,2025-07-31,Passed
4434,1238,4,2025-08-04,Passed
4435,1238,5,2025-08-07,Passed
4436,1238,6,2025-08-12,Selected
4437,1239,1,2025-03-12,Passed
4438,1239,2,2025-03-17,Passed
4439,1239,3,2025-03-27,Passed
4440,1239,4,2025-03-30,Rejected
4441,1240,1,2025-04-26,Passed
4442,1240,2,2025-04-30,Passed
4443,1240,3,2025-05-09,Passed
4444,1240,4,2025-05-13,Rejected
4445,1241,1,2025-01-08,Passed
4446,1241,2,2025-01-17,Passed
4447,1241,3,2025-01-24,Rejected
4448,1242,1,2025-07-31,Passed
4449,1242,2,2025-08-05,Passed
4450,1242,3,2025-08-06,Rejected
4451,1243,1,2025-12-10,Passed
4452,1243,2,2025-12-17,Passed
4453,1243,3,2025-12-19,Rejected
4454,1244,1,2025-04-15,Passed
4455,1244,2,2025-04-22,Passed
4456,1244,3,2025-04-29,Rejected
4457,1245,1,2025-08-13,Passed
4458,1245,2,2025-08-21,Passed
4459,1245,3,2025-08-31,Passed
4460,1245,4,2025-09-09,Passed
4461,1245,5,2025-09-14,Rejected
4462,1246,1,2025-09-08,Passed
4463,1246,2,2025-09-12,Passed
4464,1246,3,2025-09-15,Rejected
4465,1247,1,2025-08-23,Passed
4466,1247,2,2025-09-02,Passed
4467,1247,3,2025-09-07,Rejected
4468,1248,1,2025-08-07,Passed
4469,1248,2,2025-08-15,Passed
4470,1248,3,2025-08-21,Rejected
4471,1249,1,2025-01-22,Passed
4472,1249,2,2025-01-31,Passed
4473,1249,3,2025-02-05,Passed
4474,1249,4,2025-02-08,Passed
4475,1249,5,2025-02-12,Passed
4476,1249,6,2025-02-15,Rejected
4477,1250,1,2025-07-14,Passed
4478,1250,2,2025-07-23,Passed
4479,1250,3,2025-07-31,Passed
4480,1250,4,2025-08-08,Passed
4481,1250,5,2025-08-15,Rejected
4482,1251,1,2025-07-21,Passed
4483,1251,2,2025-07-24,Passed
4484,1251,3,2025-07-27,Passed
4485,1251,4,2025-07-31,Rejected
4486,1252,1,2025-10-20,Passed
4487,1252,2,2025-10-21,Rejected
4488,1253,1,2025-09-26,Passed
4489,1253,2,2025-09-30,Passed
4490,1253,3,2025-10-08,Passed
4491,1253,4,2025-10-09,Rejected
4492,1254,1,2025-12-27,Passed
4493,1254,2,2026-01-04,Passed
4494,1254,3,2026-01-06,Passed
4495,1254,4,2026-01-12,Passed
4496,1254,5,2026-01-13,Rejected
4497,1255,1,2025-09-24,Passed
4498,1255,2,2025-10-03,Passed
4499,1255,3,2025-10-12,Passed
4500,1255,4,2025-10-19,Rejected
4501,1256,1,2025-08-22,Passed
4502,1256,2,2025-08-29,Passed
4503,1256,3,2025-09-02,Passed
4504,1256,4,2025-09-07,Rejected
4505,1257,1,2025-01-22,Passed
4506,1257,2,2025-01-25,Passed
4507,1257,3,2025-02-01,Passed
4508,1257,4,2025-02-07,Rejected
4509,1258,1,2025-09-23,Passed
4510,1258,2,2025-09-28,Passed
4511,1258,3,2025-10-07,Passed
4512,1258,4,2025-10-16,Passed
4513,1258,5,2025-10-19,Passed
4514,1258,6,2025-10-23,Rejected
4515,1259,1,2025-01-21,Passed
4516,1259,2,2025-01-28,Passed
4517,1259,3,2025-02-04,Passed
4518,1259,4,2025-02-11,Rejected
4519,1260,1,2025-09-22,Passed
4520,1260,2,2025-09-27,Rejected
4521,1261,1,2025-01-26,Passed
4522,1261,2,2025-02-01,Passed
4523,1261,3,2025-02-03,Passed
4524,1261,4,2025-02-09,Passed
4525,1261,5,2025-02-14,Rejected
4526,1262,1,2025-08-14,Passed
4527,1262,2,2025-08-16,Passed
4528,1262,3,2025-08-24,Passed
4529,1262,4,2025-08-27,Passed
4530,1262,5,2025-08-29,Rejected
4531,1263,1,2025-06-05,Passed
4532,1263,2,2025-06-14,Passed
4533,1263,3,2025-06-20,Passed
4534,1263,4,2025-06-29,Passed
4535,1263,5,2025-07-01,Rejected
4536,1264,1,2025-03-27,Passed
4537,1264,2,2025-04-03,Rejected
4538,1265,1,2025-11-10,Passed
4539,1265,2,2025-11-17,Rejected
4540,1266,1,2025-12-20,Passed
4541,1266,2,2025-12-29,Passed
4542,1266,3,2026-01-05,Passed
4543,1266,4,2026-01-09,Passed
4544,1266,5,2026-01-15,Rejected
4545,1267,1,2025-03-14,Passed
4546,1267,2,2025-03-17,Passed
4547,1267,3,2025-03-20,Passed
4548,1267,4,2025-03-26,Passed
4549,1267,5,2025-03-27,Rejected
4550,1268,1,2025-11-27,Passed
4551,1268,2,2025-12-03,Passed
4552,1268,3,2025-12-09,Rejected
4553,1269,1,2025-09-14,Passed
4554,1269,2,2025-09-21,Rejected
4555,1270,1,2025-10-27,Passed
4556,1270,2,2025-10-28,Rejected
4557,1271,1,2025-12-23,Passed
4558,1271,2,2025-12-28,Rejected
4559,1272,1,2025-07-21,Passed
4560,1272,2,2025-07-27,Passed
4561,1272,3,2025-08-06,Passed
4562,1272,4,2025-08-08,Rejected
4563,1273,1,2025-08-19,Passed
4564,1273,2,2025-08-21,Passed
4565,1273,3,2025-08-30,Passed
4566,1273,4,2025-09-07,Passed
4567,1273,5,2025-09-11,Passed
4568,1273,6,2025-09-17,Rejected
4569,1274,1,2025-08-21,Passed
4570,1274,2,2025-08-29,Passed
4571,1274,3,2025-09-04,Rejected
4572,1275,1,2025-12-31,Passed
4573,1275,2,2026-01-02,Passed
4574,1275,3,2026-01-04,Passed
4575,1275,4,2026-01-10,Rejected
4576,1276,1,2025-08-21,Passed
4577,1276,2,2025-08-27,Passed
4578,1276,3,2025-09-03,Passed
4579,1276,4,2025-09-08,Passed
4580,1276,5,2025-09-15,Passed
4581,1276,6,2025-09-21,Selected
4582,1277,1,2025-06-15,Passed
4583,1277,2,2025-06-24,Passed
4584,1277,3,2025-07-01,Passed
4585,1277,4,2025-07-05,Rejected
4586,1278,1,2025-12-31,Passed
4587,1278,2,2026-01-01,Rejected
4588,1279,1,2025-03-05,Passed
4589,1279,2,2025-03-12,Passed
4590,1279,3,2025-03-21,Passed
4591,1279,4,2025-03-30,Passed
4592,1279,5,2025-04-03,Passed
4593,1279,6,2025-04-06,Rejected
4594,1280,1,2025-12-28,Passed
4595,1280,2,2025-12-31,Passed
4596,1280,3,2026-01-05,Rejected
4597,1281,1,2025-07-05,Passed
4598,1281,2,2025-07-06,Rejected
4599,1282,1,2025-12-29,Passed
4600,1282,2,2026-01-08,Passed
4601,1282,3,2026-01-14,Passed
4602,1282,4,2026-01-18,Rejected
4603,1283,1,2025-09-19,Passed
4604,1283,2,2025-09-21,Passed
4605,1283,3,2025-09-25,Passed
4606,1283,4,2025-09-30,Rejected
4607,1284,1,2025-07-13,Passed
4608,1284,2,2025-07-15,Passed
4609,1284,3,2025-07-18,Rejected
4610,1285,1,2025-01-23,Passed
4611,1285,2,2025-02-01,Passed
4612,1285,3,2025-02-05,Rejected
4613,1286,1,2025-06-21,Passed
4614,1286,2,2025-06-23,Rejected
4615,1287,1,2025-12-04,Passed
4616,1287,2,2025-12-07,Passed
4617,1287,3,2025-12-12,Passed
4618,1287,4,2025-12-15,Passed
4619,1287,5,2025-12-17,Rejected
4620,1288,1,2025-03-25,Passed
4621,1288,2,2025-04-01,Rejected
4622,1289,1,2025-04-02,Passed
4623,1289,2,2025-04-10,Passed
4624,1289,3,2025-04-17,Passed
4625,1289,4,2025-04-21,Rejected
4626,1290,1,2025-01-27,Passed
4627,1290,2,2025-01-30,Rejected
4628,1291,1,2025-06-08,Passed
4629,1291,2,2025-06-15,Passed
4630,1291,3,2025-06-21,Rejected
4631,1292,1,2025-08-17,Passed
4632,1292,2,2025-08-23,Rejected
4633,1293,1,2025-04-03,Passed
4634,1293,2,2025-04-10,Passed
4635,1293,3,2025-04-20,Passed
4636,1293,4,2025-04-28,Passed
4637,1293,5,2025-05-02,Rejected
4638,1294,1,2025-03-09,Passed
4639,1294,2,2025-03-18,Passed
4640,1294,3,2025-03-22,Passed
4641,1294,4,2025-03-24,Passed
4642,1294,5,2025-03-27,Rejected
4643,1295,1,2025-01-02,Passed
4644,1295,2,2025-01-06,Passed
4645,1295,3,2025-01-07,Rejected
4646,1296,1,2025-05-10,Passed
4647,1296,2,2025-05-18,Passed
4648,1296,3,2025-05-22,Rejected
4649,1297,1,2025-09-12,Passed
4650,1297,2,2025-09-14,Passed
4651,1297,3,2025-09-18,Passed
4652,1297,4,2025-09-23,Rejected
4653,1298,1,2025-10-06,Passed
4654,1298,2,2025-10-11,Rejected
4655,1299,1,2025-09-10,Passed
4656,1299,2,2025-09-18,Passed
4657,1299,3,2025-09-21,Rejected
4658,1300,1,2025-10-29,Passed
4659,1300,2,2025-11-02,Passed
4660,1300,3,2025-11-11,Passed
4661,1300,4,2025-11-14,Rejected
4662,1301,1,2025-08-21,Passed
4663,1301,2,2025-08-29,Passed
4664,1301,3,2025-09-03,Passed
4665,1301,4,2025-09-05,Rejected
4666,1302,1,2025-02-10,Passed
4667,1302,2,2025-02-15,Passed
4668,1302,3,2025-02-20,Passed
4669,1302,4,2025-02-26,Passed
4670,1302,5,2025-02-28,Passed
4671,1302,6,2025-03-09,Selected
4672,1303,1,2025-10-08,Passed
4673,1303,2,2025-10-17,Passed
4674,1303,3,2025-10-24,Rejected
4675,1304,1,2025-11-18,Passed
4676,1304,2,2025-11-27,Passed
4677,1304,3,2025-11-30,Passed
4678,1304,4,2025-12-07,Rejected
4679,1305,1,2025-04-17,Passed
4680,1305,2,2025-04-21,Passed
4681,1305,3,2025-04-24,Passed
4682,1305,4,2025-04-26,Passed
4683,1305,5,2025-04-30,Rejected
4684,1306,1,2025-03-17,Passed
4685,1306,2,2025-03-21,Rejected
4686,1307,1,2025-06-28,Passed
4687,1307,2,2025-06-29,Rejected
4688,1308,1,2025-01-17,Passed
4689,1308,2,2025-01-20,Rejected
4690,1309,1,2025-11-05,Passed
4691,1309,2,2025-11-10,Rejected
4692,1310,1,2025-02-14,Passed
4693,1310,2,2025-02-24,Passed
4694,1310,3,2025-02-28,Rejected
4695,1311,1,2025-08-02,Passed
4696,1311,2,2025-08-04,Passed
4697,1311,3,2025-08-12,Passed
4698,1311,4,2025-08-18,Rejected
4699,1312,1,2025-12-11,Passed
4700,1312,2,2025-12-18,Passed
4701,1312,3,2025-12-28,Passed
4702,1312,4,2026-01-01,Rejected
4703,1313,1,2025-12-05,Passed
4704,1313,2,2025-12-08,Passed
4705,1313,3,2025-12-14,Passed
4706,1313,4,2025-12-19,Rejected
4707,1314,1,2025-11-01,Passed
4708,1314,2,2025-11-04,Passed
4709,1314,3,2025-11-07,Rejected
4710,1315,1,2025-10-15,Passed
4711,1315,2,2025-10-22,Passed
4712,1315,3,2025-10-27,Passed
4713,1315,4,2025-10-29,Rejected
4714,1316,1,2025-10-24,Passed
4715,1316,2,2025-10-31,Passed
4716,1316,3,2025-11-01,Rejected
4717,1317,1,2025-01-19,Passed
4718,1317,2,2025-01-28,Passed
4719,1317,3,2025-02-04,Rejected
4720,1318,1,2025-06-03,Passed
4721,1318,2,2025-06-09,Passed
4722,1318,3,2025-06-12,Rejected
4723,1319,1,2025-07-14,Passed
4724,1319,2,2025-07-20,Rejected
4725,1320,1,2025-08-07,Passed
4726,1320,2,2025-08-13,Passed
4727,1320,3,2025-08-17,Passed
4728,1320,4,2025-08-23,Passed
4729,1320,5,2025-08-30,Passed
4730,1320,6,2025-09-05,Rejected
4731,1321,1,2025-02-03,Passed
4732,1321,2,2025-02-07,Passed
4733,1321,3,2025-02-13,Passed
4734,1321,4,2025-02-22,Passed
4735,1321,5,2025-02-24,Rejected
4736,1322,1,2025-03-10,Passed
4737,1322,2,2025-03-14,Passed
4738,1322,3,2025-03-20,Passed
4739,1322,4,2025-03-23,Rejected
4740,1323,1,2025-05-21,Passed
4741,1323,2,2025-05-23,Passed
4742,1323,3,2025-05-28,Rejected
4743,1324,1,2025-07-31,Passed
4744,1324,2,2025-08-02,Passed
4745,1324,3,2025-08-12,Passed
4746,1324,4,2025-08-17,Rejected
4747,1325,1,2025-12-23,Passed
4748,1325,2,2025-12-27,Passed
4749,1325,3,2026-01-02,Rejected
4750,1326,1,2025-10-20,Passed
4751,1326,2,2025-10-30,Passed
4752,1326,3,2025-11-06,Passed
4753,1326,4,2025-11-15,Passed
4754,1326,5,2025-11-22,Rejected
4755,1327,1,2025-09-28,Passed
4756,1327,2,2025-10-02,Passed
4757,1327,3,2025-10-10,Passed
4758,1327,4,2025-10-13,Passed
4759,1327,5,2025-10-19,Passed
4760,1327,6,2025-10-23,Selected
4761,1328,1,2025-12-19,Passed
4762,1328,2,2025-12-22,Passed
4763,1328,3,2025-12-25,Rejected
4764,1329,1,2025-12-28,Passed
4765,1329,2,2025-12-30,Passed
4766,1329,3,2026-01-06,Rejected
4767,1330,1,2025-11-08,Passed
4768,1330,2,2025-11-15,Rejected
4769,1331,1,2025-05-13,Passed
4770,1331,2,2025-05-18,Passed
4771,1331,3,2025-05-21,Rejected
4772,1332,1,2025-11-16,Passed
4773,1332,2,2025-11-24,Passed
4774,1332,3,2025-11-27,Rejected
4775,1333,1,2025-09-24,Passed
4776,1333,2,2025-09-30,Passed
4777,1333,3,2025-10-10,Passed
4778,1333,4,2025-10-15,Rejected
4779,1334,1,2025-04-03,Passed
4780,1334,2,2025-04-10,Rejected
4781,1335,1,2025-04-30,Passed
4782,1335,2,2025-05-10,Passed
4783,1335,3,2025-05-16,Passed
4784,1335,4,2025-05-18,Rejected
4785,1336,1,2025-04-10,Passed
4786,1336,2,2025-04-15,Passed
4787,1336,3,2025-04-24,Passed
4788,1336,4,2025-04-30,Passed
4789,1336,5,2025-05-01,Rejected
4790,1337,1,2025-01-13,Passed
4791,1337,2,2025-01-16,Passed
4792,1337,3,2025-01-18,Rejected
4793,1338,1,2025-03-02,Passed
4794,1338,2,2025-03-04,Passed
4795,1338,3,2025-03-09,Passed
4796,1338,4,2025-03-14,Rejected
4797,1339,1,2025-04-17,Passed
4798,1339,2,2025-04-20,Passed
4799,1339,3,2025-04-22,Passed
4800,1339,4,2025-04-25,Passed
4801,1339,5,2025-04-28,Passed
4802,1339,6,2025-05-02,Rejected
4803,1340,1,2025-08-01,Passed
4804,1340,2,2025-08-11,Passed
4805,1340,3,2025-08-20,Passed
4806,1340,4,2025-08-22,Passed
4807,1340,5,2025-08-29,Rejected
4808,1341,1,2025-10-14,Passed
4809,1341,2,2025-10-20,Rejected
4810,1342,1,2025-04-19,Passed
4811,1342,2,2025-04-26,Rejected
4812,1343,1,2025-04-14,Passed
4813,1343,2,2025-04-23,Passed
4814,1343,3,2025-04-26,Rejected
4815,1344,1,2025-05-11,Passed
4816,1344,2,2025-05-17,Passed
4817,1344,3,2025-05-21,Passed
4818,1344,4,2025-05-30,Passed
4819,1344,5,2025-06-05,Rejected
4820,1345,1,2025-06-07,Passed
4821,1345,2,2025-06-17,Passed
4822,1345,3,2025-06-23,Passed
4823,1345,4,2025-06-28,Rejected
4824,1346,1,2025-10-09,Passed
4825,1346,2,2025-10-18,Passed
4826,1346,3,2025-10-22,Passed
4827,1346,4,2025-10-25,Rejected
4828,1347,1,2025-01-04,Passed
4829,1347,2,2025-01-09,Rejected
4830,1348,1,2025-06-20,Passed
4831,1348,2,2025-06-24,Passed
4832,1348,3,2025-07-02,Passed
4833,1348,4,2025-07-03,Rejected
4834,1349,1,2025-10-19,Passed
4835,1349,2,2025-10-23,Rejected
4836,1350,1,2025-03-31,Passed
4837,1350,2,2025-04-10,Passed
4838,1350,3,2025-04-12,Rejected
4839,1351,1,2025-06-23,Passed
4840,1351,2,2025-06-28,Passed
4841,1351,3,2025-07-08,Passed
4842,1351,4,2025-07-18,Passed
4843,1351,5,2025-07-24,Rejected
4844,1352,1,2025-09-03,Passed
4845,1352,2,2025-09-08,Passed
4846,1352,3,2025-09-12,Passed
4847,1352,4,2025-09-17,Passed
4848,1352,5,2025-09-24,Rejected
4849,1353,1,2025-01-19,Passed
4850,1353,2,2025-01-23,Passed
4851,1353,3,2025-01-27,Passed
4852,1353,4,2025-02-06,Passed
4853,1353,5,2025-02-12,Rejected
4854,1354,1,2025-09-04,Passed
4855,1354,2,2025-09-12,Passed
4856,1354,3,2025-09-15,Rejected
4857,1355,1,2025-08-24,Passed
4858,1355,2,2025-08-30,Passed
4859,1355,3,2025-09-05,Passed
4860,1355,4,2025-09-11,Passed
4861,1355,5,2025-09-18,Passed
4862,1355,6,2025-09-21,Rejected
4863,1356,1,2025-10-02,Passed
4864,1356,2,2025-10-10,Passed
4865,1356,3,2025-10-18,Passed
4866,1356,4,2025-10-26,Passed
4867,1356,5,2025-11-03,Passed
4868,1356,6,2025-11-10,Rejected
4869,1357,1,2025-08-25,Passed
4870,1357,2,2025-09-03,Passed
4871,1357,3,2025-09-04,Rejected
4872,1358,1,2025-07-31,Passed
4873,1358,2,2025-08-02,Rejected
4874,1359,1,2025-01-29,Passed
4875,1359,2,2025-02-04,Passed
4876,1359,3,2025-02-11,Passed
4877,1359,4,2025-02-19,Passed
4878,1359,5,2025-02-22,Rejected
4879,1360,1,2025-06-03,Passed
4880,1360,2,2025-06-08,Passed
4881,1360,3,2025-06-13,Rejected
4882,1361,1,2025-12-14,Passed
4883,1361,2,2025-12-20,Passed
4884,1361,3,2025-12-25,Passed
4885,1361,4,2026-01-03,Passed
4886,1361,5,2026-01-08,Rejected
4887,1362,1,2025-10-02,Passed
4888,1362,2,2025-10-04,Passed
4889,1362,3,2025-10-08,Rejected
4890,1363,1,2025-10-23,Passed
4891,1363,2,2025-11-01,Passed
4892,1363,3,2025-11-09,Passed
4893,1363,4,2025-11-11,Passed
4894,1363,5,2025-11-14,Rejected
4895,1364,1,2025-07-01,Passed
4896,1364,2,2025-07-10,Passed
4897,1364,3,2025-07-11,Rejected
4898,1365,1,2025-05-24,Passed
4899,1365,2,2025-05-27,Passed
4900,1365,3,2025-06-04,Passed
4901,1365,4,2025-06-11,Rejected
4902,1366,1,2025-06-23,Passed
4903,1366,2,2025-06-29,Passed
4904,1366,3,2025-07-09,Passed
4905,1366,4,2025-07-14,Passed
4906,1366,5,2025-07-24,Passed
4907,1366,6,2025-07-27,Rejected
4908,1367,1,2025-10-01,Passed
4909,1367,2,2025-10-07,Passed
4910,1367,3,2025-10-09,Rejected
4911,1368,1,2025-10-20,Passed
4912,1368,2,2025-10-23,Passed
4913,1368,3,2025-10-29,Rejected
4914,1369,1,2025-04-06,Passed
4915,1369,2,2025-04-13,Passed
4916,1369,3,2025-04-16,Rejected
4917,1370,1,2025-06-07,Passed
4918,1370,2,2025-06-11,Rejected
4919,1371,1,2025-06-11,Passed
4920,1371,2,2025-06-16,Passed
4921,1371,3,2025-06-25,Passed
4922,1371,4,2025-07-02,Passed
4923,1371,5,2025-07-08,Passed
4924,1371,6,2025-07-14,Rejected
4925,1372,1,2025-05-20,Passed
4926,1372,2,2025-05-22,Rejected
4927,1373,1,2025-09-12,Passed
4928,1373,2,2025-09-20,Passed
4929,1373,3,2025-09-29,Passed
4930,1373,4,2025-10-06,Rejected
4931,1374,1,2025-06-04,Passed
4932,1374,2,2025-06-14,Passed
4933,1374,3,2025-06-22,Passed
4934,1374,4,2025-06-27,Rejected
4935,1375,1,2025-06-04,Passed
4936,1375,2,2025-06-07,Rejected
4937,1376,1,2025-07-11,Passed
4938,1376,2,2025-07-15,Rejected
4939,1377,1,2025-04-14,Passed
4940,1377,2,2025-04-21,Passed
4941,1377,3,2025-04-27,Rejected
4942,1378,1,2025-08-16,Passed
4943,1378,2,2025-08-19,Passed
4944,1378,3,2025-08-26,Rejected
4945,1379,1,2025-09-05,Passed
4946,1379,2,2025-09-09,Passed
4947,1379,3,2025-09-16,Rejected
4948,1380,1,2025-03-20,Passed
4949,1380,2,2025-03-25,Rejected
4950,1381,1,2025-09-05,Passed
4951,1381,2,2025-09-10,Rejected
4952,1382,1,2025-09-26,Passed
4953,1382,2,2025-10-01,Passed
4954,1382,3,2025-10-08,Rejected
4955,1383,1,2025-06-17,Passed
4956,1383,2,2025-06-23,Passed
4957,1383,3,2025-06-27,Passed
4958,1383,4,2025-06-28,Rejected
4959,1384,1,2025-02-20,Passed
4960,1384,2,2025-02-27,Passed
4961,1384,3,2025-03-07,Passed
4962,1384,4,2025-03-11,Rejected
4963,1385,1,2025-12-13,Passed
4964,1385,2,2025-12-15,Passed
4965,1385,3,2025-12-19,Rejected
4966,1386,1,2025-08-24,Passed
4967,1386,2,2025-08-29,Passed
4968,1386,3,2025-09-02,Passed
4969,1386,4,2025-09-07,Passed
4970,1386,5,2025-09-14,Rejected
4971,1387,1,2025-09-25,Passed
4972,1387,2,2025-10-04,Passed
4973,1387,3,2025-10-06,Rejected
4974,1388,1,2025-06-09,Passed
4975,1388,2,2025-06-16,Passed
4976,1388,3,2025-06-22,Rejected
4977,1389,1,2025-12-18,Passed
4978,1389,2,2025-12-20,Rejected
4979,1390,1,2025-02-14,Passed
4980,1390,2,2025-02-18,Passed
4981,1390,3,2025-02-22,Passed
4982,1390,4,2025-03-04,Passed
4983,1390,5,2025-03-11,Rejected
4984,1391,1,2025-01-24,Passed
4985,1391,2,2025-01-28,Passed
4986,1391,3,2025-01-31,Passed
4987,1391,4,2025-02-07,Passed
4988,1391,5,2025-02-13,Rejected
4989,1392,1,2025-12-04,Passed
4990,1392,2,2025-12-10,Passed
4991,1392,3,2025-12-16,Passed
4992,1392,4,2025-12-21,Passed
4993,1392,5,2025-12-22,Rejected
4994,1393,1,2025-01-12,Passed
4995,1393,2,2025-01-21,Passed
4996,1393,3,2025-01-29,Passed
4997,1393,4,2025-02-03,Passed
4998,1393,5,2025-02-07,Rejected
4999,1394,1,2025-04-18,Passed
5000,1394,2,2025-04-23,Passed
5001,1394,3,2025-05-01,Passed
5002,1394,4,2025-05-02,Rejected
5003,1395,1,2025-04-09,Passed
5004,1395,2,2025-04-13,Passed
5005,1395,3,2025-04-23,Passed
5006,1395,4,2025-04-28,Passed
5007,1395,5,2025-05-07,Passed
5008,1395,6,2025-05-10,Rejected
5009,1396,1,2025-09-30,Passed
5010,1396,2,2025-10-07,Passed
5011,1396,3,2025-10-12,Passed
5012,1396,4,2025-10-19,Rejected
5013,1397,1,2025-08-14,Passed
5014,1397,2,2025-08-23,Passed
5015,1397,3,2025-08-26,Passed
5016,1397,4,2025-08-27,Rejected
5017,1398,1,2025-05-20,Passed
5018,1398,2,2025-05-28,Passed
5019,1398,3,2025-05-31,Passed
5020,1398,4,2025-06-06,Passed
5021,1398,5,2025-06-10,Rejected
5022,1399,1,2025-05-21,Passed
5023,1399,2,2025-05-27,Rejected
5024,1400,1,2025-11-15,Passed
5025,1400,2,2025-11-18,Passed
5026,1400,3,2025-11-25,Rejected
5027,1401,1,2025-02-22,Passed
5028,1401,2,2025-03-03,Passed
5029,1401,3,2025-03-09,Passed
5030,1401,4,2025-03-12,Rejected
5031,1402,1,2025-06-29,Passed
5032,1402,2,2025-07-04,Passed
5033,1402,3,2025-07-06,Passed
5034,1402,4,2025-07-10,Passed
5035,1402,5,2025-07-19,Passed
5036,1402,6,2025-07-20,Rejected
5037,1403,1,2025-12-27,Passed
5038,1403,2,2026-01-01,Passed
5039,1403,3,2026-01-07,Rejected
5040,1404,1,2025-10-21,Passed
5041,1404,2,2025-10-29,Passed
5042,1404,3,2025-11-02,Rejected
5043,1405,1,2025-02-06,Passed
5044,1405,2,2025-02-16,Passed
5045,1405,3,2025-02-22,Rejected
5046,1406,1,2025-06-23,Passed
5047,1406,2,2025-06-29,Rejected
5048,1407,1,2025-01-26,Passed
5049,1407,2,2025-01-29,Passed
5050,1407,3,2025-01-30,Rejected
5051,1408,1,2025-08-30,Passed
5052,1408,2,2025-09-05,Passed
5053,1408,3,2025-09-12,Passed
5054,1408,4,2025-09-15,Rejected
5055,1409,1,2025-01-26,Passed
5056,1409,2,2025-01-28,Passed
5057,1409,3,2025-01-31,Rejected
5058,1410,1,2025-01-28,Passed
5059,1410,2,2025-02-06,Passed
5060,1410,3,2025-02-10,Passed
5061,1410,4,2025-02-11,Rejected
5062,1411,1,2025-07-20,Passed
5063,1411,2,2025-07-30,Passed
5064,1411,3,2025-08-02,Passed
5065,1411,4,2025-08-07,Passed
5066,1411,5,2025-08-10,Passed
5067,1411,6,2025-08-19,Selected
5068,1412,1,2025-11-02,Passed
5069,1412,2,2025-11-10,Passed
5070,1412,3,2025-11-15,Rejected
5071,1413,1,2025-11-19,Passed
5072,1413,2,2025-11-21,Passed
5073,1413,3,2025-11-30,Passed
5074,1413,4,2025-12-03,Rejected
5075,1414,1,2025-12-25,Passed
5076,1414,2,2026-01-04,Passed
5077,1414,3,2026-01-07,Passed
5078,1414,4,2026-01-12,Passed
5079,1414,5,2026-01-22,Passed
5080,1414,6,2026-01-26,Selected
5081,1415,1,2025-07-02,Passed
5082,1415,2,2025-07-05,Passed
5083,1415,3,2025-07-11,Rejected
5084,1416,1,2025-04-12,Passed
5085,1416,2,2025-04-15,Passed
5086,1416,3,2025-04-21,Passed
5087,1416,4,2025-04-27,Passed
5088,1416,5,2025-05-06,Passed
5089,1416,6,2025-05-11,Rejected
5090,1417,1,2025-12-10,Passed
5091,1417,2,2025-12-16,Passed
5092,1417,3,2025-12-18,Rejected
5093,1418,1,2025-02-10,Passed
5094,1418,2,2025-02-17,Passed
5095,1418,3,2025-02-22,Rejected
5096,1419,1,2025-08-27,Passed
5097,1419,2,2025-08-29,Passed
5098,1419,3,2025-09-05,Rejected
5099,1420,1,2025-02-17,Passed
5100,1420,2,2025-02-19,Passed
5101,1420,3,2025-02-21,Rejected
5102,1421,1,2025-12-24,Passed
5103,1421,2,2025-12-26,Passed
5104,1421,3,2025-12-28,Rejected
5105,1422,1,2025-08-22,Passed
5106,1422,2,2025-08-29,Passed
5107,1422,3,2025-09-07,Passed
5108,1422,4,2025-09-10,Rejected
5109,1423,1,2025-11-26,Passed
5110,1423,2,2025-12-04,Passed
5111,1423,3,2025-12-09,Passed
5112,1423,4,2025-12-15,Passed
5113,1423,5,2025-12-16,Rejected
5114,1424,1,2025-08-27,Passed
5115,1424,2,2025-09-06,Passed
5116,1424,3,2025-09-09,Rejected
5117,1425,1,2025-04-25,Passed
5118,1425,2,2025-04-27,Rejected
5119,1426,1,2025-11-12,Passed
5120,1426,2,2025-11-21,Passed
5121,1426,3,2025-11-25,Rejected
5122,1427,1,2025-04-04,Passed
5123,1427,2,2025-04-11,Passed
5124,1427,3,2025-04-14,Rejected
5125,1428,1,2025-12-07,Passed
5126,1428,2,2025-12-14,Passed
5127,1428,3,2025-12-16,Passed
5128,1428,4,2025-12-18,Rejected
5129,1429,1,2025-06-16,Passed
5130,1429,2,2025-06-25,Passed
5131,1429,3,2025-06-26,Rejected
5132,1430,1,2025-01-16,Passed
5133,1430,2,2025-01-22,Passed
5134,1430,3,2025-01-29,Passed
5135,1430,4,2025-02-06,Passed
5136,1430,5,2025-02-07,Rejected
5137,1431,1,2025-02-27,Passed
5138,1431,2,2025-03-04,Rejected
5139,1432,1,2025-08-25,Passed
5140,1432,2,2025-09-04,Passed
5141,1432,3,2025-09-09,Passed
5142,1432,4,2025-09-11,Rejected
5143,1433,1,2025-05-25,Passed
5144,1433,2,2025-06-01,Passed
5145,1433,3,2025-06-05,Passed
5146,1433,4,2025-06-10,Rejected
5147,1434,1,2025-11-06,Passed
5148,1434,2,2025-11-16,Passed
5149,1434,3,2025-11-21,Passed
5150,1434,4,2025-11-26,Rejected
5151,1435,1,2025-09-18,Passed
5152,1435,2,2025-09-22,Passed
5153,1435,3,2025-09-26,Passed
5154,1435,4,2025-10-03,Rejected
5155,1436,1,2025-02-24,Passed
5156,1436,2,2025-02-28,Passed
5157,1436,3,2025-03-08,Passed
5158,1436,4,2025-03-11,Rejected
5159,1437,1,2025-11-29,Passed
5160,1437,2,2025-12-07,Passed
5161,1437,3,2025-12-17,Passed
5162,1437,4,2025-12-21,Rejected
5163,1438,1,2025-06-04,Passed
5164,1438,2,2025-06-08,Passed
5165,1438,3,2025-06-11,Rejected
5166,1439,1,2025-07-25,Passed
5167,1439,2,2025-07-31,Passed
5168,1439,3,2025-08-06,Rejected
5169,1440,1,2025-05-03,Passed
5170,1440,2,2025-05-06,Passed
5171,1440,3,2025-05-14,Passed
5172,1440,4,2025-05-23,Passed
5173,1440,5,2025-05-30,Rejected
5174,1441,1,2025-10-08,Passed
5175,1441,2,2025-10-10,Rejected
5176,1442,1,2025-07-16,Passed
5177,1442,2,2025-07-20,Passed
5178,1442,3,2025-07-24,Rejected
5179,1443,1,2025-04-17,Passed
5180,1443,2,2025-04-22,Passed
5181,1443,3,2025-04-23,Rejected
5182,1444,1,2025-10-30,Passed
5183,1444,2,2025-11-05,Passed
5184,1444,3,2025-11-13,Passed
5185,1444,4,2025-11-17,Passed
5186,1444,5,2025-11-21,Passed
5187,1444,6,2025-11-28,Rejected
5188,1445,1,2025-08-11,Passed
5189,1445,2,2025-08-14,Passed
5190,1445,3,2025-08-24,Passed
5191,1445,4,2025-09-02,Passed
5192,1445,5,2025-09-11,Passed
5193,1445,6,2025-09-12,Rejected
5194,1446,1,2025-06-25,Passed
5195,1446,2,2025-07-04,Passed
5196,1446,3,2025-07-11,Passed
5197,1446,4,2025-07-12,Rejected
5198,1447,1,2025-05-01,Passed
5199,1447,2,2025-05-07,Passed
5200,1447,3,2025-05-16,Passed
5201,1447,4,2025-05-20,Passed
5202,1447,5,2025-05-26,Rejected
5203,1448,1,2025-12-09,Passed
5204,1448,2,2025-12-13,Rejected
5205,1449,1,2025-12-31,Passed
5206,1449,2,2026-01-05,Passed
5207,1449,3,2026-01-08,Passed
5208,1449,4,2026-01-13,Rejected
5209,1450,1,2025-09-07,Passed
5210,1450,2,2025-09-14,Rejected
5211,1451,1,2025-11-02,Passed
5212,1451,2,2025-11-11,Passed
5213,1451,3,2025-11-15,Rejected
5214,1452,1,2025-10-12,Passed
5215,1452,2,2025-10-15,Passed
5216,1452,3,2025-10-18,Rejected
5217,1453,1,2025-08-16,Passed
5218,1453,2,2025-08-22,Rejected
5219,1454,1,2025-07-27,Passed
5220,1454,2,2025-08-02,Passed
5221,1454,3,2025-08-05,Rejected
5222,1455,1,2025-02-25,Passed
5223,1455,2,2025-03-03,Passed
5224,1455,3,2025-03-04,Rejected
5225,1456,1,2025-11-02,Passed
5226,1456,2,2025-11-11,Passed
5227,1456,3,2025-11-20,Passed
5228,1456,4,2025-11-28,Passed
5229,1456,5,2025-11-29,Rejected
5230,1457,1,2025-07-14,Passed
5231,1457,2,2025-07-21,Rejected
5232,1458,1,2025-11-27,Passed
5233,1458,2,2025-12-07,Passed
5234,1458,3,2025-12-15,Passed
5235,1458,4,2025-12-22,Rejected
5236,1459,1,2025-02-16,Passed
5237,1459,2,2025-02-20,Rejected
5238,1460,1,2025-03-13,Passed
5239,1460,2,2025-03-16,Passed
5240,1460,3,2025-03-19,Passed
5241,1460,4,2025-03-20,Rejected
5242,1461,1,2025-11-22,Passed
5243,1461,2,2025-11-24,Rejected
5244,1462,1,2025-03-17,Passed
5245,1462,2,2025-03-25,Passed
5246,1462,3,2025-03-31,Rejected
5247,1463,1,2025-08-20,Passed
5248,1463,2,2025-08-27,Passed
5249,1463,3,2025-08-31,Rejected
5250,1464,1,2025-07-19,Passed
5251,1464,2,2025-07-24,Rejected
5252,1465,1,2025-08-17,Passed
5253,1465,2,2025-08-18,Rejected
5254,1466,1,2025-12-15,Passed
5255,1466,2,2025-12-22,Rejected
5256,1467,1,2025-06-03,Passed
5257,1467,2,2025-06-09,Rejected
5258,1468,1,2025-12-14,Passed
5259,1468,2,2025-12-16,Passed
5260,1468,3,2025-12-20,Passed
5261,1468,4,2025-12-27,Passed
5262,1468,5,2026-01-04,Passed
5263,1468,6,2026-01-10,Rejected
5264,1469,1,2025-08-11,Passed
5265,1469,2,2025-08-17,Passed
5266,1469,3,2025-08-24,Passed
5267,1469,4,2025-08-29,Passed
5268,1469,5,2025-08-31,Passed
5269,1469,6,2025-09-06,Rejected
5270,1470,1,2025-06-26,Passed
5271,1470,2,2025-06-29,Rejected
5272,1471,1,2025-01-05,Passed
5273,1471,2,2025-01-09,Passed
5274,1471,3,2025-01-19,Passed
5275,1471,4,2025-01-25,Rejected
5276,1472,1,2025-07-26,Passed
5277,1472,2,2025-08-02,Passed
5278,1472,3,2025-08-04,Rejected
5279,1473,1,2025-05-31,Passed
5280,1473,2,2025-06-07,Rejected
5281,1474,1,2025-01-28,Passed
5282,1474,2,2025-02-04,Passed
5283,1474,3,2025-02-09,Passed
5284,1474,4,2025-02-15,Passed
5285,1474,5,2025-02-18,Passed
5286,1474,6,2025-02-21,Rejected
5287,1475,1,2025-10-14,Passed
5288,1475,2,2025-10-18,Passed
5289,1475,3,2025-10-20,Rejected
5290,1476,1,2025-02-26,Passed
5291,1476,2,2025-03-07,Passed
5292,1476,3,2025-03-16,Passed
5293,1476,4,2025-03-23,Rejected
5294,1477,1,2025-01-16,Passed
5295,1477,2,2025-01-20,Passed
5296,1477,3,2025-01-23,Passed
5297,1477,4,2025-01-29,Passed
5298,1477,5,2025-02-04,Rejected
5299,1478,1,2025-12-26,Passed
5300,1478,2,2026-01-01,Passed
5301,1478,3,2026-01-06,Rejected
5302,1479,1,2025-11-17,Passed
5303,1479,2,2025-11-20,Passed
5304,1479,3,2025-11-23,Passed
5305,1479,4,2025-11-29,Rejected
5306,1480,1,2025-07-15,Passed
5307,1480,2,2025-07-21,Passed
5308,1480,3,2025-07-28,Passed
5309,1480,4,2025-08-01,Rejected
5310,1481,1,2025-04-19,Passed
5311,1481,2,2025-04-27,Passed
5312,1481,3,2025-05-03,Passed
5313,1481,4,2025-05-04,Rejected
5314,1482,1,2025-09-01,Passed
5315,1482,2,2025-09-06,Passed
5316,1482,3,2025-09-08,Passed
5317,1482,4,2025-09-12,Passed
5318,1482,5,2025-09-15,Rejected
5319,1483,1,2025-10-12,Passed
5320,1483,2,2025-10-17,Passed
5321,1483,3,2025-10-19,Rejected
5322,1484,1,2025-07-04,Passed
5323,1484,2,2025-07-09,Passed
5324,1484,3,2025-07-14,Passed
5325,1484,4,2025-07-20,Passed
5326,1484,5,2025-07-22,Passed
5327,1484,6,2025-07-26,Rejected
5328,1485,1,2025-03-20,Passed
5329,1485,2,2025-03-24,Rejected
5330,1486,1,2025-12-10,Passed
5331,1486,2,2025-12-15,Passed
5332,1486,3,2025-12-25,Passed
5333,1486,4,2025-12-31,Rejected
5334,1487,1,2025-01-06,Passed
5335,1487,2,2025-01-14,Passed
5336,1487,3,2025-01-20,Rejected
5337,1488,1,2025-01-09,Passed
5338,1488,2,2025-01-12,Rejected
5339,1489,1,2025-09-07,Passed
5340,1489,2,2025-09-10,Rejected
5341,1490,1,2025-03-11,Passed
5342,1490,2,2025-03-18,Passed
5343,1490,3,2025-03-20,Rejected
5344,1491,1,2025-11-25,Passed
5345,1491,2,2025-12-02,Passed
5346,1491,3,2025-12-06,Passed
5347,1491,4,2025-12-11,Passed
5348,1491,5,2025-12-16,Rejected
5349,1492,1,2025-08-22,Passed
5350,1492,2,2025-09-01,Passed
5351,1492,3,2025-09-06,Rejected
5352,1493,1,2025-12-23,Passed
5353,1493,2,2025-12-28,Passed
5354,1493,3,2026-01-03,Rejected
5355,1494,1,2025-04-03,Passed
5356,1494,2,2025-04-13,Passed
5357,1494,3,2025-04-15,Rejected
5358,1495,1,2025-08-06,Passed
5359,1495,2,2025-08-08,Passed
5360,1495,3,2025-08-17,Passed
5361,1495,4,2025-08-21,Rejected
5362,1496,1,2025-08-19,Passed
5363,1496,2,2025-08-23,Passed
5364,1496,3,2025-09-01,Passed
5365,1496,4,2025-09-02,Rejected
5366,1497,1,2025-04-26,Passed
5367,1497,2,2025-04-30,Rejected
5368,1498,1,2025-11-06,Passed
5369,1498,2,2025-11-08,Rejected
5370,1499,1,2025-09-13,Passed
5371,1499,2,2025-09-20,Passed
5372,1499,3,2025-09-26,Passed
5373,1499,4,2025-10-02,Rejected
5374,1500,1,2025-05-02,Passed
5375,1500,2,2025-05-11,Passed
5376,1500,3,2025-05-15,Passed
5377,1500,4,2025-05-17,Rejected
